"ID","site","timepoint","dcode","age","sex","scanner","IQR","euler_med","Left_Lateral_Fissure_thickness","Right_Lateral_Fissure_thickness","Left_Anterior_Cingulate_Sulcus_thickness","Right_Anterior_Cingulate_Sulcus_thickness","Left_Posterior_Cingulate_Sulcus_thickness","Right_Posterior_Cingulate_Sulcus_thickness","Left_Calcarine_Fissure_thickness","Right_Calcarine_Fissure_thickness","Left_Collateral_Fissure_thickness","Right_Collateral_Fissure_thickness","Left_Intra.Parietal_Fissure_thickness","Right_Intra.Parietal_Fissure_thickness","Left_Parieto.Occipital_Fissure_thickness","Left_Occipital_Sulcus_thickness","Right_Occipital_Sulcus_thickness","Left_Central_Sulcus_thickness","Right_Central_Sulcus_thickness","Left_Inferior_Frontal_Sulcus_thickness","Right_Inferior_Frontal_Sulcus_thickness","Left_Paracingulate_Sulcus_thickness","Right_Paracingulate_Sulcus_thickness","Left_Intermediate_Frontal_Sulcus_thickness","Right_Intermediate_Frontal_Sulcus_thickness","Left_Superior_Frontal_Sulcus_thickness","Right_Superior_Frontal_Sulcus_thickness","Left_Occipital.Temporal_Lateral_Sulcus_thickness","Right_Occipital.Temporal_Lateral_Sulcus_thickness","Left_Orbitofrontal_Sulcus_thickness","Right_Orbitofrontal_Sulcus_thickness","Left_Medial_Parietal_Sulcus_thickness","Right_Medial_Parietal_Sulcus_thickness","Left_Pre.Central_Sulcus_thickness","Right_Pre.Central_Sulcus_thickness","Left_Post.Central_Sulcus_thickness","Right_Post.Central_Sulcus_thickness","Left_Inferior_Temporal_Sulcus_thickness","Right_Inferior_Temporal_Sulcus_thickness","Left_Superior_Temporal_Sulcus_thickness","Right_Superior_Temporal_Sulcus_thickness","Right_Parieto.Occipital_Fissure_thickness","Left_Lateral_Fissure_width","Right_Lateral_Fissure_width","Left_Anterior_Cingulate_Sulcus_width","Right_Anterior_Cingulate_Sulcus_width","Left_Posterior_Cingulate_Sulcus_width","Right_Posterior_Cingulate_Sulcus_width","Left_Calcarine_Fissure_width","Right_Calcarine_Fissure_width","Left_Collateral_Fissure_width","Right_Collateral_Fissure_width","Left_Intra.Parietal_Fissure_width","Right_Intra.Parietal_Fissure_width","Left_Parieto.Occipital_Fissure_width","Left_Occipital_Sulcus_width","Right_Occipital_Sulcus_width","Left_Central_Sulcus_width","Right_Central_Sulcus_width","Left_Inferior_Frontal_Sulcus_width","Right_Inferior_Frontal_Sulcus_width","Left_Paracingulate_Sulcus_width","Right_Paracingulate_Sulcus_width","Left_Intermediate_Frontal_Sulcus_width","Right_Intermediate_Frontal_Sulcus_width","Left_Superior_Frontal_Sulcus_width","Right_Superior_Frontal_Sulcus_width","Left_Occipital.Temporal_Lateral_Sulcus_width","Right_Occipital.Temporal_Lateral_Sulcus_width","Left_Orbitofrontal_Sulcus_width","Right_Orbitofrontal_Sulcus_width","Left_Medial_Parietal_Sulcus_width","Right_Medial_Parietal_Sulcus_width","Left_Pre.Central_Sulcus_width","Right_Pre.Central_Sulcus_width","Left_Post.Central_Sulcus_width","Right_Post.Central_Sulcus_width","Left_Inferior_Temporal_Sulcus_width","Right_Inferior_Temporal_Sulcus_width","Left_Superior_Temporal_Sulcus_width","Right_Superior_Temporal_Sulcus_width","Right_Parieto.Occipital_Fissure_width"
"40127","cobre",1,0,26,1,2,2.175755,1.732051,3.92,4.16,4.06,4.01,3.7,3.58,2.71,3.16,4.09,3.89,3.32,3.43,3.2,3.32,3.45,3.43,3.47,3.62,3.76,4.42,4.4,3.77,3.71,3.68,3.74,4.26,4.38,3.74,3.94,3.75,4.08,3.8,3.92,3.37,3.34,4.26,4.06,4.2,3.3,3.24,1.14,1.28,1.39,1.91,1.69,2.16,0.76,1.02,0.94,1,2.28,1.62,1.44,1.11,1.12,1.86,1.95,1.74,1.4,2.69,2.84,1.88,1.5,1.82,2.28,1.3,1.25,2.39,1.77,0.95,0.95,1.55,1.65,2.36,3.13,1.05,0.93,1.22,0.02,1.44
"40050","cobre",1,0,36,1,2,1.990988,1,3.43,3.54,3.69,3.78,3.51,3.64,2.77,2.91,3.61,3.69,3.18,3.21,3.27,3.28,3.37,3.42,3.39,3.34,3.26,4.11,3.55,3.27,3.13,3.55,3.31,3.98,4.05,3.63,3.35,3.58,3.59,3.64,3.62,3.24,3.17,4.01,3.94,3.92,3.89,3.15,1.37,1.39,1.69,3.37,1.75,1.9,1.16,1,0.84,1.16,1.65,1.94,0.83,0.83,0.82,2.15,2,2.08,2.01,2.37,3.44,2.76,2.55,2.99,2.78,1.44,0.68,1.99,2.34,1.49,1.17,2.44,2.27,2.39,2.56,1.24,1.03,0.95,1.35,1.12
"40058","cobre",1,0,27,2,2,2.138073,3.162278,3.82,3.79,4.17,3.99,3.64,3.74,2.83,2.78,3.84,3.75,3.42,3.33,3.48,3.41,3.51,3.28,3.29,3.56,3.62,4.36,4.1,3.61,3.47,3.76,3.59,3.94,4.07,3.78,3.53,3.92,3.85,3.82,3.77,3.4,3.11,4.07,3.91,4.02,3.89,3.47,1.12,1.31,1.54,1.52,1.9,1.38,0.91,0.67,0.83,0.85,0.99,1.98,1.2,0.88,0.79,1.69,1.59,1.57,1.69,1.82,1.9,1.79,1.65,2.38,2.25,1.6,1,1.78,2.25,1.38,1.2,1.7,1.47,2.33,0.51,0.95,0.84,1.12,1.25,1
"40069","cobre",1,0,58,1,2,2.042556,1.732051,3.56,3.57,3.73,3.7,3.19,3.53,2.78,2.85,3.66,3.59,2.94,3.17,2.95,3.24,3.33,3.13,3.15,3.32,3.35,4.11,4.03,3.11,3.32,3.51,3.42,3.98,3.88,3.69,3.58,3.37,3.34,3.4,3.54,3.05,2.98,3.66,3.76,3.74,3.77,3.11,1.66,1.5,1.46,1.56,2.06,1.87,1.31,1.11,0.9,0.97,2.32,1.82,0.86,1.24,1.01,2.44,2.15,1.95,1.86,2.08,2.86,2.04,1.85,2.55,2.7,1.09,1.27,1.74,2.67,1.87,1.97,1.96,2.04,3.24,2.74,1.16,1.07,1.32,1.34,1.38
"40107","cobre",1,0,33,2,2,2.008308,3.162278,3.59,3.75,3.67,4.1,3.99,3.8,2.86,2.74,3.87,3.84,3.24,3.3,3.31,3.27,3.59,3.34,3.34,3.76,3.52,4.2,4.23,3.65,3.56,3.7,3.74,3.76,4.07,3.86,3.74,3.66,3.79,3.83,3.72,3.06,3.32,4.08,4.01,3.98,4.02,3.41,1.59,1.47,2.97,0.7,0.45,1.79,0.8,0.78,0.76,1.03,1.32,1.53,1.32,0.79,0.62,1.98,1.79,1.85,1.87,2.25,4.24,1.69,2.58,2.36,3.01,1.96,0.96,1.81,2.18,2.55,1.44,1.94,1.93,2.51,2.09,1.5,1.16,1.38,1.23,1
"40113","cobre",1,0,20,1,2,2.081236,3,3.83,3.71,4.17,4,3.74,3.75,2.86,2.87,3.84,3.83,3.32,3.39,3.4,3.41,3.37,3.31,3.27,3.54,3.65,4.53,4.4,3.7,3.6,3.8,3.82,3.8,4,3.87,3.85,3.81,3.82,3.74,3.81,3.5,3.32,3.96,4.06,4.07,4.07,3.38,1.24,1.49,1.13,1.35,1.28,1.29,1.15,0.8,1.14,0.96,1.97,1.83,1.57,1.16,1.06,1.8,2.09,1.7,1.62,1.95,1.59,1.81,1.8,1.92,2.03,1.48,0.87,2.28,2.17,1.08,1.19,1.48,1.58,1.58,2.29,1.2,1.03,1.19,1.09,1.2
"40119","cobre",1,0,44,2,2,2.384207,2,3.6,3.65,4.36,4.03,3.62,3.81,2.77,2.82,3.93,3.73,3.18,3.25,3.17,3.11,3.23,3.31,3.25,3.51,3.37,4.19,4.29,3.54,3.34,3.73,3.64,3.73,3.84,3.78,3.59,3.73,3.73,3.81,3.61,3.16,3.13,3.89,3.88,3.69,4.04,3.18,1.95,1.78,1.54,1.89,2.03,1.54,0.97,0.96,1.01,0.82,1.84,1.32,1.82,1.15,0.98,2.51,2.18,1.99,2.1,2.26,2.72,1.99,2.41,3.16,3.36,1.69,1.18,2,2.48,1.43,1.44,1.67,1.94,2.42,3.49,1.22,0.99,1.73,0.04,1.15
"40134","cobre",1,0,42,1,2,2.126827,2.645751,3.7,3.69,3.78,3.73,3.46,3.41,2.74,2.61,3.46,3.51,3,3.08,3.11,3.26,3.42,3.14,3.02,3.24,3.17,3.88,3.97,3.29,3.35,3.23,3.35,3.89,3.81,3.83,3.62,3.68,3.61,3.34,3.43,3.34,3.07,3.89,4.19,3.87,3.8,3.23,1.6,1.49,1.67,3.06,1.94,2.38,0.74,0.85,0.96,1.22,3.15,2.24,1.21,1.16,1.01,2.33,2.32,1.22,2.14,2.89,3.49,2.74,2.3,2.71,3.39,1.39,1.08,2.02,2.2,0.91,1.42,2.29,2.19,0.7,2.55,1.08,0.93,1.28,1.51,1.55
"A00035022","bgs",1,0,39,1,11,2.355794,3.60555127546399,3.76,3.79,3.88,3.87,3.63,3.8,2.83,3.04,3.81,3.6,3.33,3.37,3.33,3.48,3.49,3.33,3.34,3.61,3.49,4.2,4.15,3.5,3.43,3.79,3.67,4.1,4,3.78,3.52,3.83,3.76,3.84,3.78,3.25,3.39,3.97,4.04,3.88,4.01,3.35,1.3,1.66,1.88,1.67,1.43,1.46,0.72,0.71,0.69,0.94,1.7,1.63,1,0.92,0.75,1.53,1.65,1.43,1.51,2.04,2.4,1.84,1.9,2.12,2.22,1.23,0.77,2.34,2.51,1.09,1.29,1.54,1.61,2.24,2.15,1.08,0.84,1.12,0.89,0.94
"A00016646","bgs",1,0,47,2,11,2.151748,0,3.93,4.01,3.77,3.98,3.99,3.89,3.26,3.15,4.04,3.88,3.58,3.59,3.57,3.54,3.56,3.59,3.57,3.53,3.51,4.36,4.39,3.57,3.57,3.86,3.68,3.95,4.27,3.73,3.65,3.95,3.95,3.87,3.8,3.63,3.73,4.06,4.29,3.94,4.23,3.54,1.56,1.76,1.42,1.31,1.35,1.25,1.02,0.88,0.86,0.9,1.65,1.64,1.21,1.08,0.87,1.85,2,1.57,1.57,1.64,2.22,1.74,1.79,2.13,2.31,1.59,0.92,2.59,2.43,1.07,1.26,1.38,1.87,1.92,1.97,1.54,1.31,0.93,1.47,1.37
"A00017726","bgs",1,0,32,1,11,2.041393,2.44948974278318,3.62,3.69,4,3.95,3.48,3.56,2.97,2.9,3.8,3.89,3.09,3.22,3.25,3.19,3.24,3.25,3.1,3.38,3.22,4.2,4.13,3.43,3.23,3.8,3.57,3.73,4.11,3.71,3.58,3.49,3.56,3.65,3.66,3.06,2.97,3.97,3.86,3.78,3.74,3.24,1.15,1.32,1.7,1.39,1.67,2,1.03,0.93,0.79,0.83,1.68,1.58,1.07,0.98,0.75,2.11,2.3,1.43,1.72,2.71,3.15,1.55,1.61,2.02,2.79,1.43,1.03,1.85,2.06,1.66,1.27,1.97,2.14,2.16,2.17,0.92,0.9,1.16,1.21,1.29
"A00019217","bgs",1,0,47,2,11,1.974676,1.73205080756888,3.76,3.77,3.91,4,3.69,3.85,2.82,2.88,3.91,3.9,3.31,3.32,3.26,3.22,3.43,3.38,3.47,3.43,3.5,4.23,4.06,3.69,3.43,3.59,3.57,3.73,3.92,3.66,3.48,3.54,3.89,3.73,3.63,3.38,3.27,3.76,3.9,4.03,3.92,3.44,1.34,1.38,1.61,1.6,1.51,1.49,0.99,0.76,0.88,1.05,1.66,1.24,0.53,0.97,0.93,2.31,2.29,1.76,1.8,3.11,2.96,2.49,2.69,2.14,2.9,1.66,1.24,2.51,3.05,1.8,1.37,1.96,2.09,2.22,3.74,1.22,0.91,1.1,1.18,1.41
"A00019819","bgs",1,0,31,1,11,2.097527,3,3.47,3.62,3.88,3.87,3.42,3.54,2.85,2.82,3.64,3.52,3.21,3.22,3.07,3.35,3.28,3.26,3.14,3.44,3.34,4.05,4.04,3.37,3.21,3.48,3.33,3.74,3.91,3.73,3.51,3.71,3.65,3.77,3.53,3.15,3.11,3.84,3.83,3.8,3.76,3.27,1.34,1.48,1.84,1.64,2.16,1.8,0.93,0.97,0.79,0.94,1.66,2.05,1.21,1.08,1.09,1.6,1.74,1.7,1.89,3.32,3.63,1.91,2.21,2.54,2.59,1.52,1.1,2.62,3.11,1.33,1.04,1.94,1.6,2.14,2.48,1,1.16,0.88,1.58,1.31
"A00022515","bgs",1,0,47,1,11,1.968892,3.16227766016838,3.59,3.71,3.97,3.93,3.4,3.51,2.69,2.74,3.67,3.77,3.15,3.25,3.23,3.17,3.21,3.34,3.25,3.47,3.42,4.16,4.21,3.76,3.54,3.86,3.76,3.97,4.09,4.12,3.86,3.33,3.38,3.75,3.68,3.09,3.24,3.96,4.03,3.91,3.99,3.06,2.61,1.41,1.75,1.63,2.56,2.37,1.07,1.18,0.97,0.86,2.4,2.13,1.5,1.15,1.25,2.35,2.26,1.69,1.62,2.13,3.8,1.31,1.94,2.13,2.84,1.54,0.72,2.12,3.12,1.78,1.88,2.02,1.62,2.85,2.74,1.4,1.05,1.33,1.24,1.36
"A00026996","bgs",1,0,26,1,11,2.008878,1.73205080756888,3.77,3.78,3.95,3.89,3.77,3.8,3.07,2.46,3.61,3.66,3.34,3.44,3.27,3.49,3.65,3.51,3.55,3.76,3.47,4.42,4.41,3.52,3.55,3.9,3.69,4.03,4.2,3.97,3.75,3.89,3.76,3.78,3.87,3.32,3.64,3.96,4.19,4.06,4.01,3.21,1.36,1.35,2.15,1.45,1.42,1.33,0.89,0.46,0.88,0.94,1.02,2.01,0.96,1.29,0.85,1.65,1.7,1.81,1.43,1.95,2.51,1.81,1.95,2.86,2.19,1.59,1.07,2.25,2.63,0.89,1.11,1.7,1.52,3.96,0.59,1.35,1.06,1.13,1.33,1.3
"A00031279","bgs",1,0,45,2,11,2.014001,2.44948974278318,3.78,3.76,3.77,3.85,3.41,3.61,2.71,2.67,3.62,3.67,3.17,3.24,3.16,3.24,3.28,3.24,3.19,3.44,3.21,4.12,3.93,3.41,3.24,3.56,3.56,4,4.12,3.69,3.47,3.81,3.54,3.63,3.53,3.24,3.15,3.92,3.8,3.97,3.82,3.09,1.35,1.22,1.32,1.72,1.78,1.19,0.76,0.83,0.64,0.63,1.21,1.33,0.77,0.75,0.56,1.44,1.51,1.53,1.8,1.81,2.02,1.9,2.14,2.57,2.68,1.16,0.86,2.11,2.99,1.04,1.3,1.19,1.9,1.63,1.9,1.07,0.9,0.2,1,0.71
"A00034096","bgs",1,0,59,1,11,2.276861,2.82842712474619,3.62,3.74,3.94,3.73,3.35,3.47,2.71,2.87,3.67,3.73,3.14,3.19,3.09,3.17,3.32,3.18,3.16,3.42,3.29,4.27,4.28,3.44,3.37,3.45,3.44,4,4.14,3.76,3.66,3.93,3.82,3.69,3.76,3.06,3.12,3.91,4.05,3.71,3.88,3.17,1.67,1.49,1.39,1.71,2.26,2.5,0.91,0.98,0.8,0.77,2.19,2.59,1.58,0.94,1.26,2.71,2.87,1.65,1.87,1.81,2.33,1.95,1.86,2.05,2.66,1.29,0.96,1.85,1.81,0.82,1.44,2.21,2.58,3.06,2.99,1.3,0.96,1.16,1.14,1.8
"A00036654","bgs",1,0,40,1,11,2.054084,1,3.89,4.02,4.09,3.85,3.7,3.62,2.87,2.79,3.65,3.84,3.33,3.27,3.19,3.34,3.43,3.32,3.32,3.58,3.42,4.54,4.2,3.59,3.35,3.45,3.57,3.86,3.88,3.85,3.54,3.82,3.52,3.73,3.69,3.26,3.45,3.83,4.1,3.98,4.04,3.36,1.59,1.34,1.71,4.84,1.75,1.88,1.11,0.88,0.78,0.82,2.33,1.62,1.45,1.11,0.72,2.28,2.38,1.53,1.75,1.92,2.57,1.89,1.99,2.48,2.65,1.5,0.86,1.9,2.93,1.27,1.52,2.15,2,1.91,2.27,1,0.85,1.51,1.02,0.77
"A00036657","bgs",1,0,54,1,11,2.207948,2,3.63,3.76,3.87,3.61,3.46,3.55,2.79,2.85,3.62,3.7,3.17,3.29,3.21,3.36,3.37,3.29,3.2,3.34,3.22,4.04,3.84,3.5,3.35,3.58,3.45,3.83,4.03,3.83,3.7,3.52,3.71,3.62,3.61,3.23,3.26,3.89,4.08,3.91,4.04,3.3,1.26,1.22,1.63,1.71,1.66,1.48,1.11,1,0.95,0.84,1.89,1.52,1.27,1.12,0.85,1.84,1.62,1.56,1.79,1.87,2.04,1.91,1.76,1.7,2.03,1.21,0.84,1.59,2.01,1.46,1.33,1.74,1.45,2.01,3.21,0.96,0.94,1.08,1.09,1.04
"A00037136","bgs",1,0,53,1,11,2.341482,3,3.68,3.87,3.87,3.73,3.59,3.52,3.01,2.91,3.55,3.9,3.28,3.26,3.28,3.54,3.56,3.33,3.16,3.47,3.41,4.23,3.99,3.55,3.46,3.76,3.67,3.88,4.09,3.69,3.66,3.81,3.8,3.77,3.73,3.26,3.33,3.81,3.97,4.01,3.9,3.48,1.56,1.66,1.26,1.92,2.24,1.65,2.36,0.91,0.9,0.89,2.4,2.5,0.54,0.96,1.06,2.06,2.43,1.68,1.63,3.04,2.25,1.86,1.81,3.6,3.04,1.48,0.84,1.73,1.94,1.51,1.33,1.91,2.29,2.39,2.75,1.13,1.1,1.47,1.42,1.04
"A00037139","bgs",1,0,35,1,11,2.135302,1.73205080756888,3.46,3.58,3.8,3.68,3.38,3.4,2.88,2.92,3.73,3.65,3.15,3.11,3.07,3.29,3.31,3.23,3.14,3.4,3.23,3.89,3.79,3.48,3.41,3.4,3.42,3.81,3.89,3.64,3.62,3.5,3.52,3.54,3.47,3.16,3.17,3.86,3.94,3.76,3.78,3.05,1.46,1.45,1.93,1.8,1.89,2.37,0.96,1.03,0.94,0.96,2,1.39,1.23,0.64,0.94,2.08,2.11,2.08,2.02,2.34,3.19,2.57,2.2,2.53,2.91,1.26,1.04,1.87,1.91,1.37,1.61,2,2.19,2.23,2.13,0.86,0.94,1.27,1.17,1.35
"A00037200","bgs",1,0,56,1,11,2.131567,1.73205080756888,3.56,3.56,3.9,3.91,3.56,3.59,2.82,2.68,3.52,3.53,3.21,3.19,3.17,3.32,3.39,3.14,3.1,3.42,3.5,4.04,4,3.25,3.39,3.35,3.39,3.72,4.08,3.61,3.46,3.46,3.64,3.46,3.39,3.12,3.2,3.93,3.89,3.81,3.77,3.21,1.61,1.52,1.78,1.98,1.94,1.69,1.19,1.09,1.15,1.09,1.97,1.86,1.11,1.18,1.2,2.26,1.89,1.73,2,3.42,3.23,1.93,2.2,2.5,2.44,1.58,1.08,1.68,2.22,1.24,1.7,2.13,2.12,2.39,2.28,1.18,1.22,1.2,1.5,1.44
"A00037847","bgs",1,0,42,1,11,2.025008,0,3.68,3.75,3.83,4.05,3.38,3.73,2.49,2.78,3.6,3.69,3.22,3.28,3.04,3.43,3.4,3.39,3.37,3.57,3.54,4.42,4.14,3.78,3.52,3.86,3.76,3.9,3.95,3.92,3.64,3.7,3.64,3.94,3.88,3.39,3.25,3.94,4.16,3.92,4.1,3.15,1.46,1.4,1.57,1.3,1.72,1.6,0.38,1.06,0.95,0.9,1.87,1.8,2.44,0.91,1.05,1.97,2.13,1.61,1.6,1.45,2.27,1.9,1.36,1.96,2.61,1.16,0.91,1.88,1.86,1.66,1.74,1.91,2.11,2.02,2.06,1.14,1.08,1.09,1.32,1.56
"17f851u3d352_s","utrecht",1,0,22,1,23,2.393402,2.44949,3.62,3.59,3.97,3.76,3.38,3.33,2.61,2.49,3.49,3.33,3,3.05,2.97,3.3,3.06,2.8,2.76,3.59,3.82,4.51,4.28,3.55,3.52,3.62,3.52,3.47,3.53,3.78,3.6,3.31,3.28,3.49,3.27,2.87,2.73,3.72,3.76,3.9,3.98,3.18,1.34,1.46,1.96,1.82,1.59,1.4,0.74,0.85,0.94,1.1,1.8,2.27,0.71,1.09,0.87,1.61,1.7,1.43,1.18,2.24,1.97,1.44,1.59,1.9,1.94,1.57,1.32,1.97,2.92,1.92,1.26,1.37,1.52,2.25,2.59,0.95,1.07,1.06,1.45,0.86
"2eb622z44879","utrecht",1,0,33,2,17,2.606402,3,3.54,3.79,3.99,3.91,3.74,3.69,2.74,2.7,3.43,3.49,3.23,3.16,3,3.11,3.14,2.93,2.91,3.49,3.59,4.5,4.5,3.7,3.58,3.7,3.72,3.64,3.56,3.85,3.72,3.69,3.86,3.63,3.69,3.23,3.09,3.51,3.58,3.77,3.98,2.94,1.27,1.16,1.58,2.95,1.27,1.64,1.08,1,1.08,0.97,1.68,1.64,1.38,0.9,0.96,1.63,1.14,1.13,1.01,1.93,2.11,1.37,0.86,1.52,1.64,1.16,1.05,2.16,2.33,1.2,0.76,1.7,1.03,2.74,1.65,1.4,1.05,1.17,0.9,1.26
"606f6du42046_s","utrecht",1,0,26,1,23,2.306464,3.872983,3.86,3.81,4.14,4.06,3.66,3.78,2.72,2.88,3.81,3.75,3.38,3.24,3.35,3.31,3.57,2.81,2.79,3.86,3.82,4.62,4.68,3.72,3.77,4.39,4.27,3.86,3.78,3.82,4.09,3.82,4.06,3.65,3.64,2.99,3,4.15,3.92,4.12,4.01,3.41,1.83,1.36,1.61,1.96,1.78,1.42,0.68,0.9,1.44,0.98,1.47,1.48,1.15,0.69,0.73,1.29,1.5,1.29,1.26,1.3,2.21,1.75,1.49,2.37,1.99,1,1.02,1.95,2.23,1.1,0.64,1.53,1.65,1.99,2.37,0.85,0.93,1.04,1.04,0.89
"634341u3fac6_s","utrecht",1,0,23,1,23,2.669577,5.291503,3.67,3.65,4.07,4.04,3.56,3.57,2.76,2.7,3.52,3.36,3.29,3.11,3.22,3.15,3.32,3.03,2.98,3.61,3.61,4.5,4.44,3.69,3.23,3.7,3.42,3.86,3.75,3.4,3.37,3.64,3.83,3.6,3.51,3.04,2.95,4,3.86,3.94,4.02,3.12,1.28,1.42,1.99,1.97,2.01,1.55,1.03,1.1,1,1.1,1.95,1.54,1.51,0.94,0.92,1.82,1.53,2.09,1.56,2.29,1.88,2.08,1.37,2.3,1.97,1.69,1.24,2.08,2.62,1.33,1.28,1.29,1.56,2.4,1.69,1.26,1.07,1.09,1.21,1.19
"8136cdu3d3b5_s","utrecht",1,0,29,2,23,2.04324,0,3.91,3.84,4.17,4.14,3.63,3.73,2.83,2.93,3.7,3.58,3.22,3.31,3.04,3.21,3.55,3,3.02,3.49,3.54,4.62,4.59,3.35,3.51,3.75,3.64,4.1,3.81,3.85,3.91,3.46,3.62,3.59,3.61,3.3,2.67,4.13,4.12,4.16,4.27,3.2,1.34,1.49,1.92,1.6,1.58,1.31,0.94,0.85,0.98,0.81,2,2.5,1.2,0.69,0.76,2.28,2.34,2.05,1.98,2.31,3.2,2.42,2.61,2.24,2.1,1,1,1.8,1.94,1.53,1,1.98,2.02,2.61,1.18,0.67,0.91,1.1,1.22,1.24
"816e85u18b55_s","utrecht",1,0,18,2,23,2.384845,1,4.07,3.95,4.58,4.22,3.86,4.03,2.89,3.17,3.9,4.2,3.59,3.67,3.46,3.29,3.5,3.37,3.45,3.92,3.87,5.03,4.81,3.96,3.78,3.99,4.1,3.88,3.8,3.77,3.74,4.09,4.27,3.98,3.82,3.3,3.61,4.17,4.28,4.41,4.07,3.5,1.25,2.06,1.43,3.26,2.14,1.93,0.9,0.77,0.92,1.05,2.94,1.69,1.26,1.13,0.7,1.79,1.82,1.42,1.48,2.1,1.59,1.36,1.53,2.07,1.79,1.17,0.94,1.76,2.46,1.28,1.36,1.94,1.66,0.94,1.9,0.98,0.99,1.14,1.08,1.33
"00a462z0513d","utrecht",1,0,19,2,17,2.29773,2.236068,3.92,4,4.42,4.22,3.91,3.94,2.97,2.87,3.92,4.06,3.71,3.64,3.58,3.65,3.61,3.3,3.26,3.87,3.99,4.99,4.67,4.25,4.13,4.13,4.29,4.04,4.16,3.83,3.89,4.13,4.28,4.11,4.01,3.73,3.47,4.26,4.34,4.35,4.23,3.59,0.97,1.03,1.59,1.47,1.53,1.37,0.72,0.81,1.55,0.9,1.39,1.46,1.4,0.66,0.84,1.14,1.09,1.11,1.15,1.18,1.28,0.52,0.86,1.57,1.12,1.01,1.35,2.36,2.52,1.07,0.68,1.05,1.05,1.44,1.26,1,1.02,0.81,0.92,1.27
"085e42u2c1e3_s","utrecht",1,0,19,1,23,2.350932,5.385165,3.84,3.85,4.46,4.27,3.66,3.99,2.84,2.93,3.88,3.84,2.98,3.09,3.27,3.08,3.5,3.06,3.15,3.88,3.87,4.74,5.07,3.65,3.79,3.56,3.76,3.91,3.94,3.9,3.94,4.16,4.17,3.52,3.61,2.94,3.29,4,4.27,4.2,4.2,3.34,1.19,1.21,1.43,1.8,1.83,1.81,1.02,0.77,1.02,0.84,1.99,1.65,1.8,0.98,1.1,1.99,1.98,1.47,1.17,1.63,2.05,1.58,1.69,1.87,1.64,1.27,1.34,2.13,1.87,1.41,0.89,1.77,1.48,2.14,2.26,0.87,0.82,0.36,1.2,1.49
"10b75bu4481f_s","utrecht",1,0,31,1,23,2.232456,2.828427,3.54,3.67,4.04,4.01,3.36,3.67,2.85,2.92,3.79,3.79,3.15,3.3,3.11,3.02,3.41,3.06,3.04,3.7,3.65,4.46,4.21,3.65,3.61,3.58,3.6,3.87,4.03,3.97,3.61,3.42,3.45,3.62,3.66,3.02,2.97,4.08,3.94,3.96,4.18,3.05,1.58,1.54,2.2,1.95,4,2.21,1.4,1.1,0.84,0.87,2.9,2.02,2.19,1.1,0.97,3.02,2.6,1.47,1.4,3.34,3.36,2.3,1.91,2.31,2.44,1.1,0.99,2.1,1.85,3.18,2.03,2.27,1.64,3.22,3.37,1.11,0.8,0.98,0.32,1.48
"16439bu1b00d_s","utrecht",1,0,27,2,23,2.156771,4,3.83,3.89,4.18,4.36,3.82,3.68,2.78,2.83,3.88,3.5,3.29,3.43,3.17,3.38,3.47,2.9,3.11,3.77,3.86,4.76,4.57,3.72,3.83,3.62,3.74,3.99,3.89,3.58,3.52,3.93,3.74,3.65,3.79,3.27,3.25,4.07,4.21,4.14,4.06,3.26,1.54,1.62,2.21,1.69,1.57,1.87,1.01,0.91,1.08,0.83,1.85,1.69,1.37,0.93,0.82,1.85,1.85,1.49,1.33,1.41,2.15,1.67,1.61,2.02,2.21,1.04,1.34,2.09,2.14,1.46,1.11,1.98,1.8,2.32,2.42,1.17,1.21,1.13,1.27,1.08
"16dc7fu2c0b6_s","utrecht",1,0,32,1,23,2.605682,4.690416,3.85,3.88,4.66,4.53,3.71,3.69,2.94,2.79,4.08,3.72,3.35,3.34,3.36,3.35,3.15,2.8,2.91,3.68,3.66,4.82,4.29,3.59,3.75,3.9,3.6,3.86,3.71,3.86,3.54,3.78,3.72,3.64,3.65,3.07,2.91,3.93,3.99,4.3,4.07,3.34,1.32,1.41,1.25,1.7,2.09,1.84,1.05,1.01,1.22,0.95,2.31,2.26,1.64,1.26,1.29,1.84,1.82,1.4,1.37,1.73,1.72,1.59,1.53,2.06,1.85,1.16,1.02,2.07,1.86,1.65,1.87,1.91,1.7,2.13,1.9,0.87,1.18,1.17,1.32,0.97
"171633u33906_s","utrecht",1,0,21,2,23,2.225976,1.732051,3.93,4.03,4.16,4.32,4.01,3.7,2.99,2.64,3.79,3.83,3.65,3.63,3.26,3.43,3.63,3.51,3.27,3.91,3.98,5.08,4.95,3.88,4.13,3.85,3.94,4,3.96,4.16,3.85,3.87,3.78,4.04,4.08,3.55,3.73,4.22,4.13,4.44,4.76,3.43,1.31,1.2,1.43,1.21,1.4,1.77,0.94,0.67,1.02,1.03,1.86,1.74,1,1.09,0.77,2.35,1.85,0.91,0.93,2,1.21,1.32,1.31,1.86,1.9,1.22,1.34,2.1,1.85,1.67,1.6,1.65,1.76,2.25,1.52,0.79,0.88,1.02,0.11,1.21
"25466au18a2c_s","utrecht",1,0,27,2,23,2.462141,1,3.74,3.74,4.48,4.1,3.77,3.68,2.81,2.69,3.58,3.6,3.16,3.2,3.04,2.89,3.26,3.13,3.07,3.66,3.58,4.71,4.66,3.69,3.72,3.82,3.8,3.72,3.85,3.4,3.67,3.56,3.39,3.81,3.63,3.11,3.03,4.04,3.76,4.05,3.99,3.07,1.41,1.86,1.4,1.52,2.21,1.77,1.08,0.97,1.08,1.09,2.28,2.51,1.48,1.05,1.08,2.24,2.6,1.59,1.57,2.18,1.83,1.72,1.77,2.04,2.1,1.35,1.52,1.91,1.9,1.61,1.44,1.71,1.8,2.39,3.06,1.36,1.23,1.34,1.52,1.1
"255660u33649_s","utrecht",1,0,27,2,23,2.464301,1.414214,3.8,3.75,4.22,3.94,3.8,3.77,2.69,2.73,3.79,3.66,3.3,3.28,3.43,3.22,3.35,3.29,3.17,3.57,3.59,4.6,4.34,3.55,3.66,3.64,3.77,3.86,3.83,4.11,3.94,3.79,3.65,3.79,3.55,3.55,3.07,3.82,3.79,3.92,4.1,3.07,1.36,1.46,1.51,1.69,1.92,2.03,0.95,0.88,1.11,0.97,1.8,1.75,1.52,0.69,0.96,2.52,2.35,1.57,1.91,2.02,1.87,1.69,1.92,2.17,1.95,1.22,1.26,1.85,2.01,1.46,1.97,1.93,2.05,2.02,2.01,0.86,0.87,1.25,0.56,1.24
"2606dbu2c052_s","utrecht",1,0,26,2,23,2.237449,3.872983,3.86,3.99,4.54,4.37,4.1,3.87,3.09,2.58,3.73,3.97,3.25,3.48,3.28,3.44,3.5,3.29,3.33,3.72,3.76,4.73,4.68,3.7,3.63,3.79,3.91,3.89,3.89,4.16,3.65,3.67,3.88,3.97,3.8,3.29,3.31,3.97,4.11,4.11,4.15,3.3,1.29,1.31,0.84,1.22,2.7,1.66,1.13,1.16,0.96,0.86,2.05,1.66,1.66,1.23,0.96,2.33,1.81,1.38,1.31,2.61,3.29,1.73,1.85,2.72,2.14,1.47,1.24,1.64,2.09,2.09,1.87,1.84,2.09,3.01,2.28,1.05,0.72,1.06,0.79,1.3
"2e82e0u1b073_s","utrecht",1,0,35,1,23,2.619596,4.472136,3.83,3.81,4.18,4.07,3.85,3.73,2.78,2.75,3.57,3.47,3.27,3.37,3.14,3.17,3.24,2.87,3.11,3.79,3.8,4.79,4.38,3.73,3.9,3.6,3.83,3.85,3.98,4,3.67,3.66,3.7,3.5,3.7,3.26,3.11,3.86,4.11,4.35,4.07,3.15,1.19,1.34,1.91,1.6,1.83,1.34,0.88,0.87,1.05,0.91,1.8,2.09,0.94,1.07,0.99,1.77,1.54,1.33,1.24,4.1,2.08,1.72,1.02,2.36,2.17,1.28,1.31,1.68,1.55,1.73,1.42,1.21,1.59,2.41,2.16,0.82,1,0.55,1.1,1
"3541eeu02842_s","utrecht",1,0,28,1,23,2.635593,1,3.93,3.93,4.21,4.11,3.58,3.87,2.81,2.85,3.72,3.66,3.41,3.3,2.97,3.3,3.17,3.01,2.96,3.9,3.63,4.7,4.58,3.71,3.91,3.82,3.77,3.83,3.82,4.04,3.72,3.69,3.66,3.72,3.78,3.35,3.16,3.89,3.96,4.14,4.27,3.34,1,2.34,2.09,2.32,1.62,1.04,0.77,0.77,1,1.23,1.38,1.48,0.31,0.89,1.01,1.18,1.09,1.23,1.01,1.24,1.52,1.88,0.97,1.86,1.47,1.44,1.13,2.16,2.17,1.54,1.15,1.04,1.39,1.45,1.37,0.9,1.14,0.81,1.41,0.76
"35ab6au3fac6_s","utrecht",1,0,20,1,23,2.316279,3.316625,3.97,4.02,4.28,4.14,3.76,3.77,2.99,2.88,3.7,3.8,3.21,3.42,3.36,3.45,3.49,3.39,3.21,3.77,3.74,4.66,5.04,3.78,3.8,3.87,3.94,3.95,3.91,3.85,3.76,3.95,3.7,4.02,3.77,3.29,3.32,3.92,4.03,4.03,4.12,3.4,1.17,1.96,1.04,1.39,1.38,1.6,0.83,0.85,0.69,0.7,1.84,1.85,1.39,0.98,0.9,2.09,2.18,1.45,1.49,1.38,1.19,1.54,1.75,2.24,1.59,1.29,1.27,2,1.71,1.52,1.28,1.81,1.58,2.2,2.38,1.01,1.09,0.75,1.23,0.9
"42626bu299a7_s","utrecht",1,0,42,1,23,2.571078,1.732051,3.84,3.86,4.11,4.21,3.64,3.78,2.91,2.79,3.96,3.72,3.4,3.45,3.35,3.43,3.56,3.31,3.25,3.97,4.07,4.56,4.47,3.67,3.81,4.05,3.96,4.02,4.04,3.8,3.86,3.86,3.74,3.92,3.9,3.31,3.32,4.26,3.89,4.03,4.57,3.37,1.32,1.49,1.78,1.33,2.04,1.43,1.06,0.82,0.89,0.75,2.56,2.43,1.5,1.11,0.97,2.24,1.84,1.21,1.46,1.69,1.89,1.54,1.63,2.28,2,1.2,1.68,2.37,1.66,1.44,1.56,1.97,1.65,2.53,2.44,1.05,0.98,1.03,0.51,1.27
"47c808u46ff7_s","utrecht",1,0,40,1,23,2.524362,5,3.65,3.87,4.43,4.14,3.85,3.9,2.87,2.88,3.76,3.78,3.5,3.38,3.27,3.39,3.38,2.93,2.95,3.71,3.8,5.12,4.59,3.93,3.85,3.84,3.96,4.07,4.07,3.87,4.04,3.82,4.43,3.44,3.55,3.41,3.64,3.93,3.82,4.59,4.25,3.3,0.95,1.15,1.12,1.93,1.33,1.13,0.93,1.01,0.85,0.77,1.56,1.78,0.66,0.76,0.97,1.37,1.36,1.38,1.51,1.5,1.69,1.82,1.67,2.01,1.83,1.25,0.93,1.71,1.51,1.81,0.66,1.84,1.65,1.81,2.44,1.08,1.19,0.41,1.05,1.38
"4cee12z24b19","utrecht",1,0,19,1,17,2.492907,6.324555,3.87,3.92,4.17,4.16,3.52,3.91,2.83,2.77,3.55,3.79,3.36,3.47,3.48,3.17,3.29,2.98,2.72,4.06,3.96,4.5,4.5,3.83,3.97,3.89,3.99,3.88,3.7,3.71,3.39,3.97,3.93,3.85,3.74,3.38,3.15,4.05,4,3.92,3.82,3.3,1.17,1.04,0.93,1.15,1.1,1.1,0.78,0.8,1.14,0.95,1.48,1.28,0.97,0.9,0.93,0.89,0.92,0.93,1.2,1.52,1.23,1,0.71,0.99,1.42,1.37,1.29,1.46,1.62,0.88,0.98,1,1.05,1.38,1.01,1.09,0.78,0.8,0.9,1
"4d74e7z02c21","utrecht",1,0,58,1,17,2.721891,1,3.82,3.82,4.4,4.12,3.82,3.69,2.78,2.91,3.9,3.8,3.37,3.29,3.42,3.47,3.63,3.11,2.96,3.88,3.76,4.62,4.34,3.82,3.73,3.84,3.9,3.98,3.8,3.97,3.83,3.68,3.74,3.72,3.5,3.4,3.15,4.2,3.97,4.11,3.96,3.27,1.22,1.46,1.45,1.56,2.5,2.16,1.33,1.02,0.92,1.05,2.25,2.66,1.67,0.9,0.6,2.35,2.35,1.05,1.22,2.85,2.32,1.34,1.19,2.06,1.98,1.36,1.25,2.24,2.06,1.65,1.35,1.95,1.71,2.48,2.6,1,1.05,0.92,1.46,1.92
"53b740u1618d_s","utrecht",1,0,31,2,23,2.489602,2.236068,3.6,3.71,4.26,4.47,3.64,3.64,2.72,2.79,3.83,3.74,3.18,3.21,3.21,3.09,3.13,3.17,3.27,3.67,3.65,4.6,4.71,3.9,3.68,3.98,3.88,3.59,3.54,3.94,3.69,3.69,3.88,3.77,3.98,3.2,3.36,3.8,3.94,3.83,3.74,3.18,1.11,1.19,1.31,1.22,1.97,1.88,1,1.03,1.19,0.94,1.76,1.61,1.65,1.17,1.04,1.31,1.39,0.81,1.04,2.65,1.47,1.31,1.19,1.63,1.5,1.01,1.3,1.62,1.52,1.95,1.16,1.74,1.45,1.8,1.63,0.85,0.72,0.75,0.88,1.79
"555c51u1d658_s","utrecht",1,0,39,2,23,2.094183,1.732051,3.36,3.71,3.85,4.14,3.64,3.57,2.78,2.74,3.44,3.57,3.15,3.24,2.9,3.35,3.2,2.81,2.73,3.47,3.6,4.33,4.38,3.76,3.73,3.61,3.58,3.89,3.85,3.88,3.75,3.45,3.4,3.57,3.71,3.17,2.8,3.99,3.64,3.77,3.89,2.86,1.16,1.43,1.08,1.21,1.9,1.45,0.65,1,0.83,1.02,2.03,1.47,0.96,0.78,0.61,1.48,1.5,1.25,1.19,1.52,2.55,1.39,1.42,1.6,1.79,0.78,1.35,1.68,1.59,1,1.42,1.33,1.52,1.25,2.34,0.77,0.82,1.09,1.11,1.1
"5bc3c6z3ad64","utrecht",1,0,50,1,17,2.690418,4.472136,3.62,3.83,3.93,4.17,3.37,3.62,2.72,2.74,3.57,3.47,3.23,3.31,3.25,3.32,3.29,3.06,2.98,3.61,3.64,4.27,4.47,3.58,3.58,3.62,3.69,3.84,3.91,3.79,3.64,3.54,3.99,3.54,3.57,3.13,3.18,3.77,4.15,3.92,4.4,3.19,1.63,1.59,2.36,1.54,2.12,2.47,1.05,1.33,1.22,1.12,2.18,2.53,1.76,1.21,1.01,2.74,2.97,1.33,1.37,2.53,2.51,2.33,1.56,3.05,2.73,1.83,1.56,1.93,2.02,1.45,0.98,2.06,2.06,2.86,2.91,1.28,1.38,1.45,0.18,1.59
"5d52fez3376e","utrecht",1,0,64,1,17,2.607798,2.44949,3.66,3.41,3.81,4.06,3.03,3.28,2.79,2.63,3.45,3.07,2.95,2.9,3.03,3.39,3.22,2.54,2.42,3.55,3.33,3.59,3.79,3.47,3.42,2.89,2.88,3.82,3.69,3.92,3.59,3.21,3.05,3.09,2.76,2.76,2.61,3.62,3.77,3.88,4.41,2.7,1.81,1.72,1.47,1.35,2.39,2.18,1.21,1.36,1.56,1.19,3.4,3.16,2.05,1.34,1.58,2.74,2.75,1.44,1.37,2.74,3.99,1.8,1.68,3.03,2.92,1.65,1.54,2.37,1.73,2.17,2.44,3.24,2.88,3.34,2.93,1.41,1.22,1.6,0.38,2.86
"62ae1bu02a99_s","utrecht",1,0,36,2,23,2.307092,1.732051,3.74,3.72,4.46,3.98,3.78,3.67,2.71,2.82,3.67,3.89,3.31,3.31,3.35,3.32,3.4,3.03,2.97,3.91,3.74,4.65,4.44,3.77,3.61,3.78,3.88,3.84,3.74,3.99,3.88,3.84,3.47,3.58,3.63,3.12,3.54,4.15,3.87,3.93,3.92,3.02,1.28,1.34,0.87,1.61,1.54,1.81,0.96,0.86,1.03,0.31,1.9,1.81,1.26,0.87,0.82,1.48,1.41,1.62,1.49,1.95,1.81,1.42,1.58,1.86,1.62,1.1,1.86,2.27,2.67,1.61,1.56,1.66,1.52,1.71,1.75,1.05,0.93,1.16,1.15,1.12
"631e78u0ebf6_s","utrecht",1,0,20,1,23,2.561741,5.830952,3.87,3.9,4.38,4.13,3.82,3.89,2.58,2.94,3.66,3.84,3.31,3.25,3.5,3.41,3.4,3.08,3.14,3.93,3.81,4.91,4.68,3.88,3.88,4.31,3.87,3.9,3.82,4.03,3.51,4.11,4.05,3.72,3.85,3.28,3.12,4.28,3.94,4.5,4.03,3.24,0.98,1.27,1.36,1.39,1.57,1.29,0.67,0.83,0.91,0.95,1.56,1.8,1.07,0.72,0.87,1.48,1.9,1.04,0.95,1.49,2.05,2.13,1.44,1.77,1.69,1.5,1.59,2.31,2.45,0.77,1.09,0.99,1.49,1.69,2.31,0.94,0.8,0.33,1.37,1.24
"6b728fz24b19","utrecht",1,0,19,1,17,2.42375,5,3.66,3.91,3.93,3.91,3.56,3.7,2.66,2.64,3.51,3.53,3.32,3.25,3.44,3.23,3.4,3.17,3.12,3.66,3.79,4.32,4.46,3.61,3.6,3.66,3.6,3.84,3.73,3.65,3.99,3.8,3.94,3.77,3.75,3.26,3.29,3.86,3.93,3.99,4.12,3.4,1.34,1.41,2.39,1.78,1.72,1.93,0.84,0.94,0.92,1.04,1.84,1.56,1.54,1.22,1.01,1.78,1.72,1.66,1.41,1.76,1.75,1.69,1.5,1.98,1.63,1.34,1.68,2.03,1.38,1.72,1.02,1.68,1.5,2.12,1.7,1.28,1.2,0.81,1.4,1.15
"6c83c0z2259b","utrecht",1,0,23,1,17,2.128427,1,3.87,3.79,4.12,4.11,3.85,3.54,2.7,2.59,3.82,3.35,3.27,2.98,3.2,3.21,3.3,3.02,3,3.6,3.93,4.65,4.79,3.7,3.49,4.2,4.14,3.97,3.86,3.88,3.55,3.91,3.54,3.52,3.68,3.2,3.22,3.83,4.31,3.93,4.2,3.03,1.9,1.65,1.99,1.57,0.99,1.57,1.22,1,1.06,1.1,1.64,2.22,1.32,1.42,1.3,1.31,1.14,1.7,1.1,1.03,1.42,1.37,1.87,1.66,1.51,1.25,0.83,2.29,1.85,1.1,1.37,1.54,1.25,1.9,1.83,1.07,0.85,1.61,1.51,0.86
"71fa5fu29b9c_s","utrecht",1,0,19,1,23,2.240318,5.567764,3.9,3.95,4.25,4.08,3.89,3.7,2.87,2.49,3.56,3.85,3.32,3.29,3.25,3.33,3.35,3.33,3.14,3.98,3.91,4.44,4.14,3.78,3.75,3.85,3.96,3.95,3.79,3.48,3.43,3.91,4.02,3.98,3.78,3.42,2.95,4,4.08,4.05,4.14,3.19,1.52,1.37,0.41,1.54,2.66,2.02,0.91,0.27,1.11,1.04,2.08,2.78,1.39,1.39,1.15,1.97,2.18,1.19,1.32,1.79,1.75,1.76,1.61,2.05,2.19,1.25,1.31,1.83,1.78,1.58,1.43,1.49,1.67,2.62,1,1.05,1.11,1.34,1.28,2.31
"733525u44a13_s","utrecht",1,0,23,1,23,2.620969,7.681146,4.07,4.08,4.39,3.79,3.8,3.96,3.1,2.89,4.1,3.68,3.57,3.45,3.54,3.58,3.67,3.24,3.05,4.15,3.95,4.91,4.93,4.01,3.95,4.03,3.92,3.88,3.77,4.04,3.78,4.15,4.32,3.85,3.78,3.35,3.38,4.3,4.42,4.28,4.34,3.46,1.18,1.43,1.31,2.41,1.53,1.5,0.96,0.85,1.01,1.05,1.49,1.73,1.37,0.56,0.77,1.83,1.85,1.38,1.22,1.62,1.75,1.56,1.66,1.78,1.87,1.08,1.36,3.09,2.6,1.16,1.08,1.63,1.72,2.07,2.13,0.79,0.86,0.73,1.39,1.29
"73c1ddu16060_s","utrecht",1,0,22,2,23,2.451682,1.732051,3.86,3.85,4.43,4.31,4.01,3.73,2.96,2.75,4.01,3.81,3.33,3.31,3.36,3.46,3.44,3.23,3.26,3.78,3.83,4.86,4.53,3.92,3.73,4.13,3.95,4.13,3.98,3.79,3.7,4.09,3.97,4.11,4.18,3.48,3.2,4.21,4.18,4.32,4.16,3.53,1.12,1.5,0.97,1.59,1.37,1.52,0.91,0.93,0.81,1.1,1.43,2.06,1.08,0.85,0.93,1.48,1.75,1.29,1.18,1.12,1.68,1.13,1.47,1.41,1.51,0.97,0.97,1.8,2.34,0.64,1.16,1.36,1.27,1.49,0.76,0.93,0.93,0.72,0.91,1.48
"73ce9bu49512_s","utrecht",1,0,36,1,23,2.348902,3.316625,3.84,3.76,4.03,3.99,3.82,3.7,2.77,2.97,3.78,3.95,3.43,3.34,3.51,3.47,3.48,3.13,3.11,3.86,3.83,4.29,4.4,3.57,3.69,3.66,3.8,3.78,3.87,3.99,3.78,3.62,3.84,4,3.62,3.33,3.15,4.1,4.23,4.03,4.31,3.36,3,1.24,1.84,2.13,2.01,2.33,1.07,1.1,1.33,1.27,2.07,2.1,0.73,0.92,1.02,2.94,2.9,1.61,1.63,3.9,3.08,2.59,1.88,3.35,2.53,1.13,1.14,2.11,2.01,2.56,1.32,1.61,2.2,2.72,2.9,1.13,1.06,1.27,1.22,1.39
"7b064eu38596_s","utrecht",1,0,34,2,23,2.158331,1.732051,3.66,4.03,4.2,4.13,3.8,3.6,2.84,2.8,3.74,3.79,3.42,3.26,3.23,3.37,3.46,3.12,2.98,3.61,3.73,4.53,4.54,4.06,3.86,3.84,3.9,3.83,3.91,3.6,3.58,3.54,3.81,3.78,3.78,3.42,3.17,4.01,4.09,4.05,4.07,3.31,0.94,1.12,1.95,1.75,1.18,1.24,1.12,0.64,0.75,0.91,1.6,1.72,1.26,0.64,0.76,1.3,0.98,0.98,0.8,1.56,1.41,1.27,0.92,1.52,1.2,1.18,1.18,1.88,1.79,1.69,1.16,1.17,0.98,1.77,1.37,0.88,0.63,0.68,0.82,1.31
"80fef2u2bfee_s","utrecht",1,0,28,1,23,2.776151,3.316625,3.78,3.64,4.23,3.91,3.61,3.68,2.75,2.83,3.69,3.66,3,3.14,3.33,3.3,3.37,2.95,2.85,3.54,3.74,4.58,4.57,3.56,3.66,3.46,3.43,3.81,3.78,3.82,3.48,3.99,3.71,3.67,3.48,2.86,2.97,4.02,3.89,4.13,3.96,3.21,1.32,2.36,1.39,1.65,1.43,1.42,0.81,0.76,0.88,0.74,1.97,1.63,1.15,0.73,0.7,1.7,1.38,1.65,0.97,1.84,2.05,1.94,1.67,1.84,1.72,0.9,1.15,2.02,1.96,0.96,1.44,1.38,1.84,2.28,1.98,0.69,0.81,1.13,1.37,0.58
"81809cu2234a_s","utrecht",1,0,22,2,23,2.656162,2.236068,3.92,4.03,4.33,4.15,3.81,3.9,2.88,2.64,3.67,3.79,3.29,3.36,3.33,3.51,3.4,3.23,3.3,3.72,3.83,4.84,4.71,3.89,3.89,3.79,3.96,3.56,4.01,3.41,3.41,3.84,3.53,3.84,3.75,3.33,3.22,4.33,3.82,4.28,4.57,3.27,1.75,1.56,1.34,1.16,1.99,1.52,0.98,0.88,1.07,0.94,2.31,1.79,1.48,0.88,0.89,1.67,1.8,1.73,1.21,2.24,1.28,1.57,1.46,1.76,1.54,1.19,1.21,3.17,2.12,1.49,1.4,1.54,1.23,1.19,2.02,1.39,1.02,1.48,0.43,1.09
"823b80u0eb2f_s","utrecht",1,0,40,2,23,2.195373,4,3.76,3.84,4.47,4,3.75,3.99,2.8,2.74,3.82,3.53,3.33,3.41,3.24,3.47,3.48,3.05,3.24,3.56,3.77,4.6,4.39,3.75,4.03,3.79,3.76,3.76,3.7,3.74,3.76,4.17,3.92,3.72,3.74,2.99,3.3,4.22,3.92,4.09,4.05,3.18,1.48,1.58,1.59,4.09,2.11,1.66,0.73,0.63,0.9,1.06,1.75,1.84,1.16,0.79,0.8,1.61,1.69,1.81,1.51,1.52,2.12,1.93,1.56,2.04,2.03,1.47,1.7,2.13,2.21,1.09,1.08,1.43,2.12,1.85,2.26,1.26,1.08,1.06,1.35,0.97
"82e839u1d590_s","utrecht",1,0,22,1,23,2.152488,3.464102,3.78,3.87,4.16,4.01,3.37,3.51,2.72,2.77,3.79,3.47,3.23,3.07,3.1,3.33,3.15,3.16,2.95,3.76,3.81,4.43,4.58,3.48,3.66,3.78,3.6,3.8,3.76,3.93,3.77,3.9,3.78,3.75,3.61,3.12,2.97,4,3.98,4.13,4.78,3.16,1.36,1.33,1.66,2.51,1.82,1.48,0.76,1.07,0.91,1.02,1.71,1.69,1.22,0.85,0.93,1.54,1.49,1.37,1.41,2.53,1.53,1.48,1.21,1.73,1.56,1.03,1.15,1.62,1.7,1.07,1.19,1.51,1.41,2.16,2.03,0.94,0.85,0.92,0.1,1.3
"8ae1afz161e6","utrecht",1,0,39,1,17,2.549731,4.898979,3.74,3.94,4.44,4.23,3.76,3.82,2.92,2.72,3.71,3.58,3.19,3.16,3.04,3.48,3.46,3.17,3.14,3.99,4.15,5,4.85,3.81,3.81,4.16,4.12,3.79,3.71,4.04,3.76,3.45,3.88,3.97,3.89,3.19,3.04,4.16,3.96,3.95,4.02,3.16,1.13,1.52,2.1,2.06,2.2,1.99,0.83,0.93,1.09,0.91,1.48,2.02,0.59,1.05,1.09,1.49,1.64,1.34,1.65,1.7,1.77,0.93,1.07,1.89,2.07,1.61,1.16,2.22,2.27,3.95,1.27,1.7,1.9,2.99,2.34,1,0.93,0.83,1.18,1.28
"8c15aau35cf6_s","utrecht",1,0,27,1,23,2.293269,6.164414,3.62,3.85,3.97,4.11,3.42,3.33,2.93,2.92,4.01,3.68,3.19,3.19,3.53,3.35,3.35,2.87,2.79,3.65,3.51,4.57,4.46,3.31,3.42,3.74,3.77,3.75,3.69,4.34,4.41,3.49,3.74,3.5,3.51,3.09,2.88,4.06,3.94,3.96,4.06,3.28,1.49,1.44,1.24,1.4,2.23,1.86,1.15,1.01,2.21,1.16,1.81,1.82,1.39,0.84,0.82,2.3,1.79,1.77,1.51,2.65,1.89,1.44,1.46,2.61,1.22,1.07,1.32,1.58,1.72,1.69,1.03,1.9,1.75,2.8,2.43,0.91,1.09,1.22,1.53,1.64
"905c0fz0c541","utrecht",1,0,36,1,17,2.260017,4.690416,3.78,3.72,4.42,4.2,3.8,3.74,2.89,2.94,3.65,3.59,3.35,3.28,3.42,3.16,3.36,3.15,2.88,3.77,3.83,4.51,4.6,3.82,3.72,4.05,3.85,3.71,3.65,3.92,3.59,3.97,3.83,3.76,3.61,3.49,3.11,3.85,3.71,4.09,4.06,3.15,1.25,1.2,1.29,1.3,1.8,1.65,0.81,1.12,1.22,1.23,2.05,2.19,1.35,1.12,1.02,1.81,1.49,1.38,1.3,1.82,1.74,1.56,1.4,2.36,2.32,1.07,1.47,1.3,1.97,1.53,1.38,1.54,1.38,2.03,1.37,1.11,1.04,1.1,1.28,1.32
"9195f4u09dd7_s","utrecht",1,0,21,2,23,2.261222,1.732051,3.78,3.78,3.74,3.89,3.66,3.62,2.81,2.86,3.87,3.78,3.23,3.38,3.33,3.33,3.37,3.12,3,3.68,3.65,4.21,4.23,3.92,3.75,3.82,3.79,4.09,3.85,3.86,3.6,3.63,3.46,3.6,3.65,3.47,3.2,4.18,3.88,4.08,4.08,3.23,1.49,1.42,1.45,1.88,1.74,1.9,1.13,0.99,0.88,0.85,2.01,1.74,1.22,0.84,0.85,2.41,1.8,1.44,1.33,1.69,2.27,1.75,1.45,1.99,2.1,1.3,1.06,1.99,1.73,1.38,1.38,1.78,1.67,1.64,2.16,0.8,0.79,1.2,1.11,0.93
"92175cu35fb3_s","utrecht",1,0,21,1,23,2.658054,6.480741,4.06,3.96,4.23,4.35,3.93,3.67,3.02,2.62,3.79,3.91,3.28,3.18,3.19,3.56,3.22,3.07,2.96,3.91,3.95,4.9,4.82,4.07,3.84,3.46,3.36,4.37,4.13,4.1,3.72,3.64,4.03,3.64,3.44,3.27,3.19,4.41,3.95,4.25,4.13,3.13,1.42,1.41,1.68,1.23,1.37,1.66,0.88,0.95,0.97,1.07,1.91,1.96,0.47,1.05,0.93,1.78,1.67,1.17,0.94,1.65,1.44,1.11,1.15,1.71,1.32,0.97,0.87,1.47,1.58,2.46,0.79,1.63,1.52,2.34,2.13,1.11,0.99,1.26,1.35,1.2
"982e87z05076","utrecht",1,0,36,1,17,2.656097,3.316625,3.69,3.75,4.26,4.13,3.39,3.77,2.76,2.64,3.5,3.48,3.1,3.07,3.08,3.22,3.06,2.84,2.9,3.85,3.83,4.62,4.52,3.85,3.79,3.76,3.56,3.73,3.8,3.72,3.73,3.61,3.68,3.58,3.46,2.9,3,3.95,4.02,4.23,3.97,2.87,1.47,1.46,1.2,3.41,1.34,1.69,0.88,0.76,1.35,0.9,2.25,1.83,1.32,1.61,1.56,1.42,1.7,1.38,1.02,1.67,2.54,1.61,1.41,1.66,2.25,0.94,1.13,2.49,1.84,1.41,0.94,1.56,1.64,2.47,2.17,0.98,1.4,0.63,1.17,1.3
"sub-0715","SRPBS_open",1,0,50,1,20,2.046124,3,3.53,3.72,3.96,3.91,3.18,3.23,2.61,2.66,3.62,3.45,3.07,3.15,3.05,2.97,3.21,3.22,3.16,3.26,3.47,4.29,3.97,3.4,3.34,3.54,3.45,3.75,3.75,3.64,3.61,3.66,3.76,3.51,3.54,3.11,2.86,3.76,3.9,3.68,4.11,3.06,1.22,1.51,1.55,1.87,2.73,2.91,0.98,0.98,0.95,1.01,1.57,1.98,1.37,0.96,0.78,2.63,2.53,1.67,1.45,1.77,3.17,1.67,1.78,3.28,2.2,0.98,0.97,2.63,1.68,1.26,1.64,1.61,2.36,4.05,2.75,1.08,0.77,1.24,0.71,1.61
"sub-0725","SRPBS_open",1,0,39,1,20,2.061593,3.3166247903554,3.64,3.64,4.08,3.89,3.44,3.41,2.64,2.62,3.53,3.56,3.01,3.12,3.21,2.96,2.93,3.06,2.93,3.46,3.41,4.19,4.02,3.21,3.16,3.46,3.38,4.08,3.89,3.52,3.54,3.45,3.61,3.48,3.45,2.94,2.95,3.91,4.02,3.88,3.81,3.19,1.73,4.05,1.33,1.06,2.27,2.13,1.06,1.04,1.17,1.09,3.01,2.73,2.14,1.17,1.2,2.16,2.29,1.57,2.01,2.71,2.75,1.86,1.84,2.48,2.11,1.24,1.04,2.17,2.08,2.29,1.19,2.24,2.08,3.44,3.16,1.47,1.51,1.68,1.68,1.87
"sub-0729","SRPBS_open",1,0,57,2,20,2.001954,2.64575131106459,3.52,3.54,3.89,3.86,3.34,3.49,2.59,2.61,3.41,3.4,3.08,3.07,2.99,3.08,3.25,3.13,3.05,3.1,3.12,4.16,3.81,3.18,3.21,3.35,3.38,3.71,3.75,3.36,3.53,3.59,3.48,3.37,3.29,3.04,2.92,3.92,3.88,3.85,3.8,2.95,1.32,1.4,1.52,1.13,1.67,1.68,0.78,0.64,0.8,0.69,1.66,1.66,0.99,0.56,0.6,1.96,1.87,1.97,1.54,2.25,2.44,1.82,2.43,2.26,1.99,0.88,0.99,2.05,2.06,0.97,1.2,1.85,1.84,2.3,1.83,0.87,0.96,1.08,1.21,0.74
"sub-0732","SRPBS_open",1,0,27,1,20,1.860042,1.4142135623731,3.92,4.09,4.19,4.18,3.44,3.58,2.91,2.99,3.82,3.65,3.21,3.27,3.51,3.36,3.37,3.39,3.27,3.52,3.63,4.43,4.61,3.8,3.64,3.9,3.8,4.09,4.2,3.95,4.05,3.47,3.59,3.92,3.75,3.32,3.2,4.22,4.39,4.53,4.61,3.3,1.75,1.95,1.32,2.32,2.81,2.58,1.22,1.28,1.04,1.05,2.35,2.46,1.47,1.01,1.01,2.41,2.5,1.66,1.57,2.57,3.25,1.69,1.89,2.29,2.09,1.35,1.13,2.26,1.93,1.99,1.86,2.1,1.96,3.28,3.35,1.05,0.99,1.27,1.32,1.36
"sub-0738","SRPBS_open",1,0,47,2,20,1.853054,3.60555127546399,3.56,3.59,3.9,3.99,3.28,3.55,2.76,2.76,3.65,3.75,3.08,3.2,3.33,3.28,3.28,2.99,3.05,3.15,3.23,3.86,4.1,3.32,3.29,3.56,3.54,3.95,3.7,3.45,3.54,3.8,3.76,3.41,3.33,3.01,3.07,3.84,4.02,3.81,3.56,3.32,1.56,1.73,1.32,1.1,1.38,1.43,0.86,0.77,0.99,0.99,1.93,1.6,1.16,0.77,0.65,2.11,2.14,1.86,1.76,2.28,2.15,2.14,1.76,1.85,2.27,1.99,1.12,2.24,2.3,0.87,1.25,2.04,2.08,1.61,2.16,1.01,1,1.4,1.49,1.12
"sub-0741","SRPBS_open",1,0,35,2,20,1.996651,2.44948974278318,3.84,3.83,4.2,4.37,3.69,3.94,2.76,2.69,3.52,3.81,3.49,3.56,3.42,3.72,3.87,3.42,3.57,3.56,3.78,4.68,4.51,3.68,3.72,3.89,3.93,3.8,3.89,3.6,3.66,3.84,4.05,3.87,3.92,3.37,3.39,4.28,4.31,4.02,4.26,3.44,1.49,1.37,1.43,1.56,1.4,1.42,0.9,0.92,1.02,1.21,1.62,1.26,0.99,0.54,0.63,1.63,1.78,1.8,1.96,2.7,2.35,1.63,1.77,2.3,2.19,1.22,0.84,2.55,2.2,1.12,0.96,1.74,1.88,1.47,2.02,0.96,0.94,1.16,1.39,1.06
"sub-0744","SRPBS_open",1,0,27,1,20,1.887661,2,3.95,4.06,4.05,4.18,3.79,3.7,2.89,2.98,3.64,3.99,3.29,3.18,3.34,3.46,3.4,3.16,3.18,3.64,3.65,4.13,3.72,3.6,3.45,3.53,3.33,4.15,4.16,3.86,3.68,3.71,3.99,3.72,3.65,3.33,3.3,4.13,4.2,4.29,4.11,3.27,1.53,1.44,0.81,1.53,4.31,1.77,0.75,0.91,0.95,0.98,1.97,2.06,1.13,0.85,0.97,2.82,2.55,1.93,1.86,2.61,4.25,2,2.44,2.75,2.91,0.67,0.96,2.06,1.93,1.66,0.99,2.01,2.07,2.56,2.93,1.46,0.92,1.24,1.31,1.42
"sub-0750","SRPBS_open",1,0,48,1,20,1.983338,3.87298334620742,3.64,3.72,3.88,3.93,3.54,3.52,2.74,2.8,3.87,3.65,3.11,3.13,3.15,3.35,3.36,3.17,3.09,3.36,3.63,4.18,4.21,3.56,3.42,3.6,3.64,4.1,4.1,3.76,3.76,3.5,3.46,3.77,3.52,2.93,2.85,3.91,4.27,3.83,4.02,3.15,1.57,1.77,1.45,1.62,2.47,1.91,1.3,0.86,0.99,0.99,2.06,2.04,1.22,0.61,0.69,2.8,2.84,1.81,1.81,2.63,2.41,2.18,1.77,2.13,2.07,0.81,0.92,1.67,2.09,1.64,1.67,1.9,1.92,3.33,3.54,1.24,0.74,1.17,1.29,1.28
"sub-0757","SRPBS_open",1,0,60,1,20,1.900207,3.60555127546399,3.45,3.6,3.93,3.88,3.53,3.53,2.59,2.46,3.26,3.13,2.93,2.96,2.76,3,2.99,3.08,3.15,3.26,3.3,4.35,4.23,3.41,3.3,3.47,3.49,3.69,3.71,3.45,3.32,3.64,3.45,3.59,3.37,2.85,2.88,3.71,3.64,3.74,3.69,3,1.7,2.06,1.77,1.6,1.93,1.87,1.12,1.21,1.14,1.17,1.83,2.93,1.79,1.34,0.91,2.6,2.54,1.83,1.93,2.92,2.3,1.85,1.78,2.38,2.29,1.11,1.11,2.11,2.17,1.19,1.62,1.59,2.15,7.85,1.6,1.27,1.22,1.41,1.56,1.52
"sub-0758","SRPBS_open",1,0,52,1,20,1.951149,2.82842712474619,3.75,3.77,3.88,3.9,3.36,3.53,2.67,2.94,3.72,3.82,3.15,3.2,3.36,3.44,3.33,3.34,3.34,3.37,3.33,4.6,4.5,3.43,3.65,3.8,3.56,4.2,4.22,3.71,3.63,3.52,3.86,3.7,3.7,2.94,3.14,4.08,3.92,3.98,4.25,3.25,1.72,2.46,1.63,2.59,2.35,1.96,1.24,1.09,1.14,1.22,2.54,2.45,1.61,0.96,1.05,2.68,3.3,1.71,2.15,2.34,2.96,2.82,2.2,2.02,2.59,1.11,0.7,2.8,2.46,1.7,1.8,2.62,2.6,3.37,4.01,1.14,1.82,1.83,0.15,1.69
"sub-0759","SRPBS_open",1,0,38,1,20,1.968134,3.60555127546399,3.78,3.8,4.18,4.2,3.59,3.84,2.75,2.95,3.73,3.61,3.37,3.33,3.36,3.43,3.63,3.33,3.16,3.49,3.61,4.9,4.45,3.69,3.51,3.88,3.75,4.19,4.14,3.89,3.81,3.68,4.02,3.79,3.77,3.02,3.12,4.1,4.24,3.89,3.98,3.35,1.32,1.75,1.16,1.62,1.75,2.15,0.71,0.73,0.91,0.97,1.38,1.66,1.25,0.73,0.57,2.28,2.47,1.36,1.71,1.7,2.09,1.4,1.75,2.6,2.49,1.04,0.94,2.32,3.02,1.66,0.91,1.86,2.06,2.53,2.24,1.07,0.87,0.7,1.5,0.96
"sub-0762","SRPBS_open",1,0,44,2,20,1.948179,3.74165738677394,3.79,3.71,3.76,3.98,3.48,3.48,2.76,2.82,3.74,4.04,3.04,3.18,3,3.49,3.3,3.2,2.99,3.41,3.43,4.1,4.15,3.52,3.44,3.57,3.52,3.95,4.09,3.46,3.52,3.51,3.48,3.65,3.62,3.04,3.08,4.15,3.87,3.82,4.04,3.04,1.29,1.59,2.51,1.14,2.11,1.47,0.78,0.83,0.77,1.02,1.52,1.72,1.46,0.77,1.18,2.03,2.08,0.43,1.47,1.52,2.37,2.22,1.8,1.52,2.53,1.52,1.06,1.87,1.89,1.41,1.5,1.77,1.52,2.38,2.76,0.86,0.96,1.16,1.35,1.05
"sub-0764","SRPBS_open",1,0,63,1,20,2.323164,4,3.69,3.8,3.86,3.99,3.76,3.83,2.72,2.89,3.53,3.56,3.33,3.37,3.46,3.57,3.52,3.51,3.52,3.55,3.53,4.61,4.45,3.5,3.38,3.63,3.7,4.27,4.25,3.43,3.46,3.88,3.82,3.65,3.72,2.87,3.48,4.21,4.14,4,4.05,3.46,1.57,2.01,2.51,2.14,2.02,2.09,0.8,0.68,1.03,1.06,3.21,1.8,1.15,0.85,0.89,2.41,2.42,1.64,1.85,4.33,4.49,2.04,1.86,3.3,2.57,1.19,1.06,2.73,2.19,1.36,1.4,2.48,2.51,0.52,3.35,0.9,1,1.47,1.57,1.24
"sub-0768","SRPBS_open",1,0,25,1,20,1.998011,2,3.94,3.9,4.38,4.3,3.64,3.69,2.85,2.81,3.48,3.68,3.18,3.29,3.33,3.36,3.67,3.22,3.12,3.61,3.47,4.44,4.13,3.59,3.43,3.68,3.51,4.09,4.21,3.97,3.72,4.02,3.78,3.7,3.67,3.11,3.22,4.14,4.4,4.16,4.15,3.28,1.16,1.44,1.12,1.41,1.85,1.74,0.85,0.78,1.11,0.98,1.67,1.68,1.17,0.86,0.76,2.12,2.16,1.43,1.57,1.89,2.76,1.75,1.52,2.2,2.06,1.18,1.02,1.5,1.95,1.12,1.15,1.85,1.91,2.4,2.46,0.8,0.79,1.05,1.33,1.09
"sub-0771","SRPBS_open",1,0,21,2,20,2.014319,3.60555127546399,3.81,3.89,4.07,4.03,3.68,3.63,2.67,2.75,3.58,3.43,3.13,3.29,3.19,3.27,3.35,3.3,3.23,3.61,3.55,4.41,4.15,3.59,3.58,3.79,3.69,3.91,4.01,3.68,3.59,3.88,3.76,3.66,3.73,3.25,3.47,3.89,4.12,3.95,3.93,3.08,1.33,1.57,1.45,1.79,2.12,2.02,0.91,0.8,1.16,1.25,1.3,1.66,1.15,0.73,0.82,1.66,2.03,1.64,1.7,2.33,2.56,1.69,1.51,2.3,2.42,1.03,1.2,2.15,2.11,1.29,1.21,1.48,1.83,3.46,2.39,1.1,1.35,1.21,1.5,0.99
"sub-0774","SRPBS_open",1,0,43,2,20,1.944633,2.64575131106459,3.58,3.77,4.31,4.12,3.55,3.87,2.75,2.75,3.89,3.72,3.33,3.29,3.2,3.27,3.36,3.25,3.13,3.68,3.36,4.54,4.29,3.57,3.6,3.82,3.73,3.92,3.74,3.7,3.7,4.07,3.79,3.7,3.57,3.12,3.37,4.15,4.09,3.82,3.87,3.31,1.51,1.46,1.46,2.16,2.38,1.8,0.98,0.72,0.98,1.07,1.93,1.55,1.27,0.86,0.74,2.07,2.39,1.92,1.12,3.82,1.62,2.2,1.86,2.23,2.46,1.22,0.97,2.91,3.05,1.25,1.38,2.13,2.36,2.73,2.5,1.13,0.77,1.42,1.41,1.17
"sub-0789","SRPBS_open",1,0,22,1,20,1.860246,1.73205080756888,3.93,4.11,4.26,3.98,3.74,3.84,2.98,2.77,3.79,3.91,3.33,3.4,3.32,3.32,3.55,3.25,3.34,3.92,3.67,4.52,4.33,3.68,3.47,3.8,3.76,4.16,4.23,3.84,3.7,3.95,3.84,3.86,3.73,3.33,3.29,4.15,4.33,4.44,4.3,3.31,1.3,1.49,0.61,1.33,2.21,1.47,0.88,1.27,1.19,0.99,1.53,1.54,1.15,1.1,0.9,1.88,1.95,1.52,1.97,1.84,2.72,1.55,1.86,1.7,2.03,1.2,1.52,2.11,2.08,0.95,0.99,1.65,2.06,2.13,2.69,1.24,1.12,0.94,1.31,1.09
"sub-0796","SRPBS_open",1,0,21,1,20,1.947965,2.44948974278318,3.96,3.96,4.4,4.27,3.68,3.4,3.04,2.94,3.83,3.94,3.14,3.12,3.08,3.37,3.58,3.29,3.17,4.06,3.86,4.03,4.07,3.73,3.62,3.5,3.24,4.13,4.32,3.79,3.82,3.63,3.55,3.66,3.51,3.14,2.98,4.39,4.38,4.59,4.46,3.32,1.41,1.57,1.49,1.55,1.76,2.43,0.7,0.57,0.98,0.75,2.39,2.4,1.06,0.68,0.76,2.31,2.51,1.49,1.19,2.82,2.13,1.54,1.73,2.62,2.81,1.15,1.09,2.01,2.15,1.76,1.58,2.16,2.18,2.8,2.61,1.12,0.89,0.48,0.66,1.12
"sub-0801","SRPBS_open",1,0,60,1,20,1.927947,1.4142135623731,3.33,3.48,3.74,3.98,3.13,3.35,2.6,2.72,3.33,3.63,2.88,3.03,2.75,2.95,3.04,2.97,2.91,3.15,3.03,4.04,3.91,3.5,3.28,3.39,3.5,3.75,3.68,3.39,3.41,3.3,3.42,3.46,3.41,2.87,2.88,3.73,3.73,3.51,3.69,2.97,2.12,1.95,1.54,1.42,2.24,1.69,1.44,1.18,1.34,1.19,2.65,2.42,0.87,0.92,0.83,2.75,2.53,2.31,1.89,2.71,2.84,2.38,2.18,2.65,2.99,1.21,1.12,2.75,2.4,2.74,1.63,2.29,2.88,2.85,3.48,1.17,1.12,1.79,1.7,1.26
"sub-0802","SRPBS_open",1,0,21,1,20,1.888134,2.23606797749979,4.22,4,4.45,4.4,4,3.98,2.76,3.03,3.72,3.66,3.5,3.56,3.31,3.25,3.62,3.35,3.45,3.91,3.71,4.8,4.48,3.73,3.72,4.04,3.89,4.11,4.08,3.76,3.93,3.84,3.87,4.08,3.78,3.55,3.55,4.31,4.61,4.32,4.38,3.36,2.13,1.13,1.13,2.29,1.52,1.1,0.53,0.94,1.08,0.97,1.42,1.13,1.19,0.92,0.82,1.09,1.51,1.39,1.87,2.47,1.89,1.53,1.7,1.86,1.84,1.41,1.26,2.4,2.29,1.05,1.61,1.39,1.53,1.48,3.71,1.13,1.09,1.25,1.31,0.81
"sub-0806","SRPBS_open",1,0,25,1,20,1.97549,1.4142135623731,3.67,3.81,4.24,4.13,3.67,3.64,2.56,2.67,3.81,4,3.22,3.34,3.14,3.26,3.43,3.14,3.13,3.67,3.62,4.21,3.69,3.66,3.58,3.6,3.53,4.11,4.03,4.06,4.11,3.62,3.67,3.51,3.38,2.99,3.13,4.04,4.12,3.95,3.99,3.39,1.2,1.42,1.18,1.18,2.44,1.53,0.88,0.67,1.09,1.01,1.99,1.83,1.33,0.85,0.58,2.05,2.29,1.7,1.63,2.98,2.85,0.8,1.52,1.92,1.19,1.36,1.09,1.59,1.28,1.66,2.15,1.7,3.16,3.13,2.41,1.05,0.74,1.24,1.37,0.71
"sub-0809","SRPBS_open",1,0,20,1,20,2.060744,2.64575131106459,3.73,3.74,4.11,4.29,3.72,3.73,2.62,2.93,3.7,3.65,3.3,3.28,3.46,3.25,3.25,3.25,3.34,3.74,3.63,4.71,4.36,3.73,3.44,3.74,3.72,3.91,4.02,3.72,3.69,3.67,3.73,3.74,3.59,3.29,3.37,4.09,4.03,3.99,4.12,3.11,1.12,1.18,1.46,1.39,1.82,1.58,0.86,0.85,0.97,0.87,1.65,1.75,0.99,0.74,0.7,1.72,1.9,1.38,1.46,1.49,1.55,1.55,1.64,1.66,1.74,1.08,1.12,1.72,1.39,1.13,1.16,1.57,1.85,1.97,2.09,1.06,0.73,0.76,1.16,1.12
"sub-0816","SRPBS_open",1,0,55,2,20,1.925809,2.82842712474619,3.26,3.48,3.79,3.8,3.18,3.26,2.64,2.55,3.48,3.61,3.03,2.92,2.92,3.14,3.24,2.93,3,3.04,3.33,4.15,4.07,3.35,3.2,3.42,3.37,3.65,3.88,3.66,3.64,3.15,3.33,3.31,3.28,2.72,2.73,3.67,3.55,3.42,3.73,2.88,1.29,1.12,2.2,1.37,2.26,1.97,0.68,0.7,0.91,0.86,1.54,1.69,1.03,0.66,0.69,2.2,1.82,1.77,1.33,1.95,2.06,1.79,1.46,2.43,2.13,1.37,1.12,1.48,1.5,1.83,1.19,2.3,1.65,3.2,2.58,0.74,0.83,1.15,0.09,1.05
"sub-0818","SRPBS_open",1,0,55,1,20,1.890702,2.23606797749979,3.56,3.79,4.1,3.87,3.53,3.41,2.57,2.84,3.57,3.58,3.11,3.17,3.15,3.17,3.4,3.18,3.12,3.47,3.32,4.42,4.27,3.47,3.33,3.34,3.56,3.95,4.04,3.67,3.81,3.76,3.49,3.47,3.47,3.03,2.97,3.66,3.95,3.76,3.96,3.18,1.58,1.52,1.46,1.95,2.13,2.16,0.95,0.77,0.96,0.92,1.72,2.11,1.2,0.88,0.75,2.7,2.72,1.81,1.59,2.07,1.79,1.99,1.96,2.8,3,1.02,1.01,1.93,1.68,1.29,1.51,2.06,2.59,2.86,2.6,0.88,0.73,1.08,1.2,1.21
"sub-0824","SRPBS_open",1,0,23,1,20,2.00941,1.4142135623731,3.66,3.72,4.01,3.94,3.42,3.45,2.95,2.98,3.87,3.81,3,2.95,2.99,3.25,3.13,3.09,3.07,3.57,3.47,3.9,3.69,3.62,3.51,3.52,3.29,4.11,4.21,3.68,3.84,3.55,3.5,3.46,3.58,2.92,2.9,3.98,4.11,4.12,4.43,3.26,1.45,1.67,1.74,2.31,2.13,1.72,0.85,0.85,0.9,0.86,2.22,2.61,0.89,0.95,1.25,2.6,2.38,1.54,1.71,3.64,2.38,1.79,2.15,2.55,2.66,0.95,0.86,2.25,1.86,2.02,1.57,2.3,1.96,3.2,3.06,0.79,0.74,0.84,0.99,1.56
"sub-0833","SRPBS_open",1,0,62,2,20,2.115194,3.87298334620742,3.68,3.65,4.1,3.97,3.35,3.53,2.7,2.64,3.5,3.63,3.15,3.18,3.1,3.37,3.31,3.07,3.16,3.33,3.27,4.13,4.14,3.44,3.55,3.59,3.41,4.03,3.86,3.64,3.44,3.47,3.46,3.35,3.49,3.02,2.96,3.87,3.85,3.8,3.72,3.15,1.75,1.67,1.92,1.5,2.55,2.36,1.17,1.01,0.87,1.06,1.98,2.28,1.77,1.02,0.79,2.34,2.81,2.01,1.66,3.45,3.33,1.56,1.72,2.69,2.56,1.48,1.28,1.73,2.27,1.9,1.72,2.27,2.24,3.21,3.3,0.94,0.84,0.85,1.4,1.76
"sub-0837","SRPBS_open",1,0,20,1,20,1.949654,3,3.61,3.69,3.96,4.04,3.42,3.75,2.68,2.73,3.68,3.73,3.32,3.28,3.31,3.26,3.26,3.15,3.26,3.38,3.52,4.33,3.94,3.43,3.25,3.61,3.56,3.83,3.89,3.39,3.74,3.86,3.7,3.58,3.64,3.17,3.04,4.19,4.07,3.99,3.87,3.24,1.68,1.58,2.91,1.78,2.12,1.44,0.97,0.81,1.01,1.11,1.68,1.66,1.31,0.6,0.67,2.08,2,1.72,1.72,2.51,2.79,1.88,1.65,1.81,2.17,1.3,1.07,2.42,1.84,1.23,1.34,1.94,1.74,2.33,2.5,0.98,0.89,1.29,1.53,1.07
"sub-0838","SRPBS_open",1,0,20,1,20,1.974931,3.46410161513775,3.85,3.81,4.04,3.83,3.14,3.33,2.88,2.93,3.49,3.95,2.95,3.04,3.17,3.29,3.46,2.89,3,3.77,3.5,3.9,3.96,3.73,3.48,3.42,3.3,4.02,4,3.88,3.8,3.49,3.45,3.53,3.2,2.9,2.84,4.19,4.09,3.73,3.97,3.29,1.59,1.24,1.41,1.66,2.36,2.68,0.99,0.72,0.99,0.93,2.08,2.03,1.47,0.85,0.72,2.94,3.39,1.44,1.42,2.84,3.33,1.96,1.94,2.7,2.71,0.95,0.9,2.14,1.8,1.7,2.03,2.03,2.84,3.77,3.43,1.14,0.84,0.12,1.06,1.21
"sub-0842","SRPBS_open",1,0,66,2,20,1.8654,3.3166247903554,3.25,3.26,3.85,3.76,3.47,3.5,2.53,2.58,3.47,3.52,3.15,3.02,2.99,2.76,3,3.09,3.1,3.22,3.31,4.26,4.22,3.33,3.44,3.57,3.33,3.52,3.6,3.42,3.69,3.61,3.53,3.64,3.46,2.9,2.94,3.4,3.5,3.31,3.6,2.99,1.84,1.89,2.55,1.8,2.35,1.47,1.12,0.94,1.42,1.47,1.78,2.04,1.54,1.09,0.91,1.92,2.12,2.74,2.05,1.87,3.29,2.07,2.04,2.38,3.88,1.25,1.58,2.12,2.03,1.88,1.47,2.31,2.48,2.87,2.37,1.23,0.94,1.71,1.48,1.37
"sub-0846","SRPBS_open",1,0,42,1,20,1.956288,3.16227766016838,3.71,3.7,3.74,3.98,3.25,3.71,2.67,2.81,3.7,3.78,3.23,3.26,3.14,3.31,3.4,3.26,3.21,3.47,3.45,4.21,4.24,3.58,3.43,3.9,3.76,3.82,3.94,3.59,3.79,3.53,3.66,3.72,3.68,3.26,2.98,3.93,3.92,3.84,3.9,3.3,1.76,2.31,4.14,2.66,1.45,1.82,1.18,0.94,1.15,1.19,2.61,2.13,1.34,0.89,0.96,2.66,2.66,1.91,2.02,2.2,2.78,2.18,2.04,2.44,2.91,1.37,1.43,2.69,2.57,1.74,1.61,2.12,2.58,3.48,3.9,1.11,1.35,1.77,0.89,1.49
"sub-0847","SRPBS_open",1,0,22,2,20,1.989833,2.44948974278318,3.69,3.73,4.13,3.98,3.9,3.86,2.77,2.87,3.55,3.8,3.25,3.37,3.29,3.34,3.21,3.27,3.36,3.71,3.47,4.5,4.1,3.71,3.61,3.63,3.72,3.92,3.96,3.8,3.68,3.71,3.63,3.71,3.78,3.25,3.36,4.18,4.23,3.95,3.97,3.31,1.55,1.22,1.55,1.57,1.37,1.15,0.82,0.97,0.86,0.87,1.71,1.32,0.89,0.8,0.73,1.6,1.37,1.99,1.36,1.96,2.76,1.7,1.9,2.14,2.42,0.8,0.97,2.1,1.79,0.79,1.35,1.55,1.74,1.42,1.96,0.68,0.72,0.73,0.59,1.06
"sub-0850","SRPBS_open",1,0,23,2,20,1.946124,3,3.93,3.74,4.07,4.15,3.5,3.59,2.86,2.88,3.84,3.86,3.23,3.07,3.43,3.6,3.49,3.32,3.18,3.87,3.53,4.38,4.15,3.6,3.39,3.52,3.37,4.22,4.15,3.71,3.77,3.44,3.47,3.61,3.5,3.26,2.97,4.32,4.51,4.22,4.07,3.19,1.13,1.45,1.23,1.59,2.6,1.74,0.91,0.85,0.87,0.96,1.74,2.12,1.06,0.6,0.61,2.31,2.23,0.74,1.63,3.16,2.6,1.86,1.82,2.46,2.2,0.94,0.96,1.96,1.79,1.52,1.84,2.23,2.03,2.15,2.91,0.92,0.97,0.95,1.06,0.92
"sub-0855","SRPBS_open",1,0,24,1,20,1.850247,2.64575131106459,3.48,3.79,4.29,4.2,3.66,3.51,2.8,2.77,3.71,3.51,3.3,3.24,3.22,3.17,3.31,3.03,3.07,3.55,3.44,4.33,4.25,3.42,3.53,3.58,3.64,3.89,3.85,3.89,3.71,3.83,3.76,3.6,3.71,2.98,3.12,4.1,4.17,3.93,4.01,3.03,1.4,1.16,1.04,1.21,1.21,1.09,0.88,0.77,0.93,0.98,1.45,1.47,1.17,0.61,0.4,1.48,1.47,1.82,1.73,1.98,1.46,1.63,1.77,1.76,1.89,0.97,0.92,1.82,1.88,1.02,0.77,1.77,1.61,1.95,1.62,1.26,0.97,0.98,1.4,0.8
"sub-0856","SRPBS_open",1,0,51,1,20,2.004402,2.82842712474619,3.37,3.48,3.82,3.89,3.35,3.27,2.65,2.72,3.8,3.5,3.04,3.17,3.01,3.28,3.23,3.16,3.04,3.59,3.41,4.11,4.17,3.38,3.38,3.53,3.5,3.85,3.91,3.64,3.5,3.41,3.52,3.38,3.37,2.93,2.9,4.03,3.93,3.64,3.65,3.2,1.54,1.6,1.6,2.11,1.7,1.97,0.99,0.79,1.09,1.1,2.42,1.97,1.2,0.98,0.9,2.2,1.88,1.92,1.46,2.31,2.69,1.28,1.49,2.3,2.18,1.13,1.29,2.18,2.07,1.13,1.57,1.85,1.68,2.68,2.89,0.95,0.76,1.36,1.27,1.13
"sub-0865","SRPBS_open",1,0,22,2,20,1.956821,2.82842712474619,3.75,3.64,4.12,4.17,3.62,3.74,2.64,2.81,3.85,3.72,3.42,3.52,3.32,3.47,3.72,3.36,3.27,3.64,3.6,4.64,4.47,3.81,3.52,3.87,3.77,4.16,4.1,3.84,3.67,3.8,3.79,4.02,3.74,3.3,3.19,4.21,4.1,3.99,3.87,3.21,1.11,1.17,1.42,1.45,1.48,1.03,1,0.79,1.09,0.89,1.6,1.31,1.1,0.73,0.61,1.24,1.52,1.34,1.61,1.62,2.23,1.57,1.68,1.75,1.67,1.23,1.09,2.04,1.79,1.23,1.36,1.29,1.61,1.95,1.74,1.04,0.8,1.16,0.15,0.98
"sub-0870","SRPBS_open",1,0,19,2,20,2.021663,5.19615242270663,4.04,3.79,4.06,4.08,3.5,3.57,2.84,2.92,3.76,3.79,3.43,3.32,3.36,3.34,3.61,3.33,3.34,3.73,3.67,3.99,3.96,3.77,3.71,3.47,3.22,4.38,4.2,4.03,4.06,3.82,3.79,3.7,3.5,3.24,3.2,4.5,4.5,4.48,4.23,3.25,1.2,1.39,2.36,2.5,2.29,2.07,0.86,0.71,0.78,0.93,2,1.89,1.11,0.77,0.61,2.09,2.11,1.52,1.92,3.03,3.63,1.73,2.26,3.43,3.5,0.76,1.02,1.78,1.96,1.28,1.11,2.08,2.14,2.15,2.64,0.88,0.82,0.08,1.15,0.99
"sub-0872","SRPBS_open",1,0,20,1,20,1.910309,3.16227766016838,3.77,3.93,4.27,4.06,3.72,3.66,2.82,2.78,3.99,3.6,3.28,3.31,3.48,3.23,3.54,3.19,3.24,3.86,3.72,4.21,4.13,3.58,3.46,3.39,3.24,3.98,4.05,3.85,3.97,3.77,3.88,3.48,3.41,3.02,3.01,4.43,4.4,3.96,4.31,3.36,1.28,1.64,1.64,1.75,2.23,1.91,0.87,0.83,1.07,1.14,2.32,2.03,1.3,1.21,0.8,2.43,2.66,1.55,1.61,2.71,2.11,1.9,1.85,2.46,3.41,1.37,1.29,2.07,1.71,1.6,1.53,2.22,2.71,2.7,3.04,1.18,1.1,1.76,0.61,1.24
"sub-0943","SRPBS_open",1,0,40,2,21,1.956566,1.4142135623731,3.84,3.77,3.88,3.92,3.27,3.33,2.83,2.75,3.67,3.75,3.01,3.24,3.09,3.21,3.35,3.15,3.16,3.48,3.46,4.09,4.02,3.5,3.32,3.54,3.46,3.71,4.03,3.81,3.77,3.44,3.55,3.49,3.56,3.03,2.99,4,4.08,3.88,3.8,3.24,3.57,1.61,1.59,1.29,3.61,2.18,1.35,1.1,1.2,1.19,2.4,2.09,2.32,1.32,0.81,1.99,2.2,1.02,1.36,2.93,2.97,1.44,1.52,1.7,2.16,1.26,0.91,1.6,1.96,1.58,1.76,2.17,1.8,2.14,2.5,0.88,0.86,1.07,1.41,1.7
"sub-0945","SRPBS_open",1,0,31,1,21,2.222553,2.23606797749979,3.62,3.78,3.93,4.1,3.47,3.38,2.81,2.81,3.4,3.57,3.34,3.26,3.05,3.45,3.55,3.26,3.12,3.53,3.93,4.3,4.33,3.7,3.56,3.68,3.71,3.66,3.85,3.54,3.66,3.4,3.6,3.58,3.78,3.24,3.14,4.13,4,3.87,4.2,3.2,1.79,1.48,1.29,2.06,1.9,2.05,1,0.97,0.97,1.11,2.16,2.06,0.85,1.09,0.89,2.16,2.1,1.62,0.85,2.22,2.28,1.33,2.09,2.9,2.14,1.58,1.39,2.44,2.04,1.98,1.57,1.89,1.92,2.71,2.53,1.04,1.04,1.31,1.48,1.35
"sub-0950","SRPBS_open",1,0,19,1,21,2.317125,4,3.77,3.69,4,4.1,3.39,3.37,2.61,3.02,3.61,3.86,3.18,3.38,3.14,3.37,3.31,3.22,3.1,3.71,3.54,4.15,4.36,3.87,3.62,3.6,3.65,3.99,3.98,3.67,3.94,3.46,3.64,3.67,3.67,3.24,3.26,4.13,4.27,3.96,3.94,3.15,1.43,1.36,0.99,1.94,3.08,2.27,1.13,0.81,1.27,1.07,2.32,2.08,1.69,1.29,0.96,2.59,1.97,1.54,1.48,2.36,2.09,1.54,1.9,2.08,2.17,1.38,1.13,2.01,2.05,2.17,1.42,2.02,2.19,3.14,2.34,1.44,0.91,1.33,1.19,1.39
"sub-0952","SRPBS_open",1,0,32,1,21,1.983176,4.12310562561766,3.86,3.8,4.13,4.06,3.5,3.47,2.73,2.67,3.74,3.75,3.45,3.54,3.3,3.35,3.57,3.16,3.05,3.67,3.68,4.2,4.46,3.52,3.58,3.51,3.5,3.85,3.64,3.88,3.68,3.94,3.96,3.55,3.46,3.31,3.31,4.03,4.11,3.88,4.08,3.23,1.1,1.31,1.33,1.64,1.54,1.76,0.73,0.63,0.78,0.2,1.49,1.37,1.23,0.63,0.66,1.63,1.71,1.55,1.27,2.29,1.76,1.65,1.74,2.39,1.94,1.05,0.97,1.76,2.35,0.61,0.66,1.72,1.67,2.03,1.97,0.75,0.7,1.08,1.02,0.96
"sub-0953","SRPBS_open",1,0,20,1,21,1.873884,3.60555127546399,3.57,3.85,4.22,4.23,3.69,3.62,2.67,2.7,3.46,3.47,3.21,3.28,3.15,2.94,3.4,3.38,3.13,3.56,3.5,4.7,4.54,3.65,3.49,3.73,3.54,3.78,3.8,3.97,3.84,3.67,3.59,3.74,3.55,3.14,3.07,3.96,3.94,3.9,3.97,2.92,1.56,1.81,1.3,1.45,2.12,1.75,0.98,1.1,1.39,0.96,2.1,2.25,1.59,1.3,1.26,2.28,2.16,1.53,1.66,1.79,1.9,1.99,1.52,2.13,2.06,1.39,1.56,1.92,1.71,1.47,1.61,1.7,1.94,2.3,2.11,1.62,1.55,1.62,1.61,1.08
"sub-0956","SRPBS_open",1,0,34,1,21,2.27715,6.40312423743285,3.65,3.59,3.84,3.73,3.49,3.38,2.87,2.83,3.53,3.65,3.24,3.35,3.25,3.16,3.33,3.28,3.22,3.72,3.49,4.64,3.79,3.48,3.51,3.45,3.38,4.04,3.78,3.93,3.7,3.71,3.46,3.59,3.71,3.24,3.08,4.04,3.98,4.01,4.02,3.26,1.48,1.56,1.7,1.71,1.71,1.97,0.88,0.87,1.06,1.08,1.33,1.73,1.25,0.64,0.66,2.39,2.23,2.19,1.93,1.72,2.36,2.34,1.97,2.42,2.69,0.93,0.88,1.6,1.74,1.25,1.43,1.87,1.66,3.3,2.26,0.81,0.81,1.15,1.39,1.06
"sub-0960","SRPBS_open",1,0,36,1,21,2.335694,4,3.58,3.79,4.14,4.11,3.78,3.74,2.6,2.71,3.37,3.69,3.35,3.21,3.11,3.37,3.38,3.21,3.28,3.57,3.57,4.49,4.27,3.61,3.7,3.87,3.85,3.85,4.03,3.67,3.71,3.56,3.46,3.74,3.68,3.3,3.22,4.23,3.93,3.9,3.96,3.29,1.51,1.61,1.49,1.49,1.72,1.88,1.28,1.1,0.95,1.21,2,2,1.57,1.4,1.05,2.05,2.08,1.67,1.53,2.17,2.18,1.69,1.49,2.18,2.23,1.39,1.63,2.29,3.46,1.32,1.6,1.76,1.9,2.21,2.13,1.37,1.16,0.97,1.4,1.4
"sub-0971","SRPBS_open",1,0,19,2,21,1.989802,1,3.75,3.95,4.15,4.05,3.48,3.68,2.9,2.93,3.56,3.71,3.33,3.22,3.15,3.36,3.39,3.07,2.99,3.62,3.59,4.51,4.45,3.75,3.58,3.65,3.53,3.69,3.97,3.8,3.71,3.54,3.44,3.7,3.54,3.23,2.98,4.2,4.21,4.07,4.04,3.2,1.08,1.36,1.8,1.54,1.75,1.12,0.99,1.01,0.9,0.89,1.66,1.65,1.33,0.96,0.66,1.82,2.42,1.52,1.56,2.47,2.43,1.7,1.95,2.08,2.09,1.06,1.14,1.96,2.05,1.75,1.79,1.29,1.78,2.11,2.29,0.91,0.92,0.96,1.17,1.28
"sub-0975","SRPBS_open",1,0,21,2,21,2.029282,4.89897948556636,3.92,3.75,4.4,4.48,3.67,3.83,2.91,2.97,3.46,3.68,3.42,3.39,3.45,3.36,3.21,3.26,3.22,3.67,3.73,4.7,4.85,3.57,3.48,3.87,3.81,3.9,4.01,3.77,3.82,3.61,3.95,3.79,3.85,3.21,3.25,3.96,4.1,3.92,4.01,3.14,1.43,1.23,1.61,1.76,1.95,1.74,1.19,0.93,1.01,0.97,1.89,1.98,1.64,1.01,1.14,1.91,2,2.25,1.77,2.13,2.81,1.8,1.92,1.75,2.04,1.24,1.38,2.51,2.13,1.71,1.46,1.9,1.77,2.18,2.24,1.4,1,1.21,1.42,1.58
"sub-0977","SRPBS_open",1,0,38,1,21,2.053309,2.23606797749979,3.49,3.71,4.16,4.02,3.58,3.4,2.85,2.83,3.71,3.54,3.51,3.37,3.2,3.48,3.48,2.97,2.93,3.56,3.57,4.01,4.22,3.47,3.62,3.63,3.4,3.91,3.91,3.73,3.99,3.69,3.71,3.5,3.44,3.2,3.06,4.08,4.05,3.9,4.06,3.37,1.43,1.68,1.91,1.4,1.45,2.03,1.01,1.2,0.87,1.1,1.88,1.81,1.27,0.97,0.8,2.13,2.07,2.26,1.76,2.35,2.62,2.29,2.44,2.83,2.5,1.08,0.97,2.01,1.7,1.33,1.45,2.23,2.13,2.32,2.51,1.11,1.05,1.27,1.43,1.62
"sub-0988","SRPBS_open",1,0,26,2,21,2.038894,1,3.64,3.71,4.31,4.34,3.68,3.81,2.71,2.63,3.81,3.66,3.41,3.55,3.44,3.5,3.57,3.23,3.26,3.41,3.84,4.45,4.3,3.51,3.71,3.6,3.61,3.89,3.8,3.76,3.94,3.59,3.54,3.57,3.65,3.1,3.38,4.13,4.37,3.86,4.05,3.3,1.33,1.31,1.72,1.3,1.76,1.3,0.79,0.65,0.97,0.93,1.62,1.08,1.28,0.79,0.7,2.07,1.85,1.49,1.52,1.87,2.14,1.78,1.56,1.98,1.94,1.22,0.91,1.87,1.79,1.13,1.06,1.84,1.8,1.95,3.01,0.82,0.75,1.31,1.09,1.01
"sub-0992","SRPBS_open",1,0,25,1,21,2.117827,2.64575131106459,3.69,3.67,4,4.23,3.57,3.71,2.84,2.84,3.65,3.78,3.26,3.27,3.31,3.46,3.43,3.13,3.1,3.65,3.67,4.07,4.02,3.55,3.32,3.41,3.31,3.97,3.91,3.77,3.82,3.64,3.62,3.5,3.54,3,3.04,4.46,4.28,3.9,4.07,3.33,1.36,1.58,2.79,1.83,1.36,1.9,0.82,0.88,0.97,0.92,1.67,1.71,1.1,0.79,0.81,2.12,2.12,1.36,1.79,2.24,3.05,4.02,2.23,1.98,2.13,1.21,1.05,2.63,2.43,1.32,1.61,1.8,2.08,3.01,3.49,0.98,0.85,1.37,1.26,1.2
"sub-1006","SRPBS_open",1,0,28,1,21,1.921292,3.16227766016838,3.63,3.64,4.04,3.96,3.56,3.72,2.76,2.67,3.39,3.51,3.2,3.5,3.08,3.47,3.46,3.37,3.29,3.7,3.47,4.51,4.17,3.67,3.39,3.81,3.61,3.76,3.76,3.83,3.86,3.49,3.33,3.71,3.53,3.16,2.97,4.01,4.03,4,4.08,3.14,1.21,1.27,1.4,1.8,1.91,1.89,1.05,0.78,1.05,1.06,1.83,1.72,0.95,0.83,0.87,1.67,2.12,1.7,1.68,2.02,2.26,1.53,1.78,2.11,2.17,1.01,1.19,2.01,1.57,1.27,1.55,1.87,2,2.43,1.82,0.92,0.83,0.75,1.35,0.9
"sub-10225","LA5C_study",1,0,35,1,22,2.453632,0,3.9,3.77,3.79,4.01,3.76,3.9,3.16,3.19,3.51,3.63,3.38,3.53,3.42,3.68,3.55,3.44,3.31,3.55,3.67,4.39,4.27,3.65,3.56,3.68,3.7,3.89,3.9,3.64,3.43,3.62,3.81,3.75,3.8,3.33,3.44,4.01,3.94,3.97,3.96,3.57,1.6,1.66,1.65,1.61,1.61,1.67,1.03,1.13,1.17,1.18,1.93,1.93,1.31,1.1,1.18,2.12,2,1.5,1.44,2.53,2.66,1.7,1.76,2.08,2.02,1.63,1.32,1.9,2.17,1.55,1.53,1.73,1.69,2.42,2.38,1.28,1.11,0.79,1.33,1.27
"sub-10235","LA5C_study",1,0,22,1,22,2.753638,2.82842712474619,3.74,3.74,4.01,3.97,3.86,3.87,3.05,3.19,3.66,3.91,3.68,3.61,3.67,3.77,3.88,3.47,3.41,3.79,3.72,4.54,4.56,3.73,3.73,3.88,4.05,3.84,3.92,3.6,3.51,4,3.87,3.95,3.86,3.58,3.46,3.74,4.1,4.02,4.18,3.6,1.21,1.18,1.95,1.72,1.49,1.48,0.9,0.85,0.99,1.17,1.18,1.36,1.09,0.94,0.82,1.58,1.6,1.42,1.72,1.63,1.81,1.61,1.79,2.01,1.98,1.64,1.16,2.79,3.21,1.14,1.27,1.45,1.4,1.69,1.88,1.77,1.15,1.33,1.79,1.03
"sub-10274","LA5C_study",1,0,43,1,22,1.916596,1.4142135623731,3.63,3.75,3.84,3.72,3.6,3.57,2.93,2.75,3.96,3.95,3.37,3.48,3.5,3.62,3.75,3.44,3.4,3.57,3.59,4.33,4.11,3.56,3.58,3.82,3.63,3.81,4.17,3.79,3.66,4.13,3.77,3.74,3.8,3.28,3.33,4.06,4.16,3.93,4.04,3.48,1.14,0.93,1.14,1.69,1.47,1.44,0.78,0.77,1.12,0.7,1.35,1.31,0.87,0.83,0.74,1.52,1.41,1.27,1.26,1.39,1.47,1.59,1.39,1.55,1.69,1.1,0.83,1.69,1.92,0.8,0.92,1.36,1.13,1.95,1.93,1.15,0.75,0.98,0.95,0.88
"sub-10339","LA5C_study",1,0,45,2,22,1.971163,1.4142135623731,3.65,3.64,4.04,4.09,3.74,3.8,2.88,3.03,3.88,3.88,3.43,3.38,3.49,3.57,3.67,3.4,3.3,3.62,3.61,4.37,4.19,3.5,3.28,3.74,3.43,3.92,4.24,3.7,3.42,3.76,3.68,3.79,3.78,3.31,3.32,4.06,4.07,3.84,3.76,3.45,1.48,1.53,1.63,1.45,1.55,1.33,0.95,0.81,1.46,1.06,1.68,1.67,1.33,1.09,1.11,1.92,1.73,0.94,1.64,2.37,2.33,1.91,1.98,2.71,2.3,1.19,0.9,2.44,3.12,1.08,1.58,2.24,1.9,2.05,1.69,1.33,1.27,1.26,1.43,0.63
"sub-10340","LA5C_study",1,0,32,1,22,2.273398,0,3.83,4.02,3.99,4.11,3.86,3.98,3.5,3.44,3.8,4.07,3.72,3.59,3.62,3.77,3.99,3.77,3.66,3.63,3.64,4.51,4.64,3.7,3.54,3.85,3.8,4.12,4.45,3.92,3.62,4.08,3.99,3.99,3.95,3.67,3.66,4.15,4.25,3.96,4.08,3.56,1.6,1.24,1.96,1.68,1.58,1.4,0.98,0.91,0.85,0.74,1.34,1.52,1.23,1,0.9,1.78,1.9,1.55,1.62,2.02,2.03,1.49,1.66,2.2,1.72,1.22,0.85,2.24,2.14,0.87,0.93,1.37,1.66,1.81,1.76,1.24,0.8,0.93,1.15,0.86
"sub-10345","LA5C_study",1,0,25,1,22,2.228337,0,3.86,3.84,4.25,3.98,3.82,3.76,3.37,3.36,3.83,3.85,3.59,3.58,3.65,3.8,3.89,3.48,3.48,3.67,3.66,4.54,4.39,3.85,3.62,3.95,3.89,4.13,4.4,3.96,3.51,4.07,3.99,3.92,3.86,3.51,3.51,4.09,4.18,3.88,3.95,3.46,1.18,1.29,0.29,1.43,3.75,1.28,1,0.95,0.94,0.94,1.43,1.27,1.23,0.89,0.77,1.58,1.42,1.16,1.28,1.57,2.1,1.24,1.67,1.61,1.62,1.25,1.16,1.94,2.24,1.06,0.89,1.4,1.49,1.52,1.54,1.03,0.87,1.06,1.24,0.98
"sub-10356","LA5C_study",1,0,43,2,22,2.624478,2.44948974278318,3.73,3.57,3.78,3.69,3.6,3.57,3.03,2.93,3.64,4.03,3.28,3.28,3.15,3.46,3.52,3.24,3.27,3.63,3.79,4.23,3.95,3.55,3.4,3.65,3.62,3.99,3.94,3.55,3.32,3.65,3.56,3.69,3.56,3.27,3.2,4.08,3.79,3.8,3.76,3.3,2.41,1.78,0.67,1.64,2.81,2.11,0.99,1,1.1,1.05,2.25,2.02,1.74,1.31,1.16,2.97,2.44,1.44,1.76,2.24,2.3,1.65,1.92,2.65,2.56,1.43,1.07,2.45,2.87,1.48,1.77,1.78,2.29,3.18,3.14,1.18,1.04,1.29,1.32,1.44
"sub-10557","LA5C_study",1,0,26,1,22,2.407381,3,3.77,3.73,3.84,3.92,3.59,3.58,3.15,3.06,3.64,3.81,3.38,3.34,3.47,3.45,3.69,3.37,3.36,3.59,3.52,4.11,3.93,3.55,3.45,3.52,3.51,3.97,4.03,3.81,3.58,3.62,3.68,3.66,3.66,3.31,3.27,4.24,4.17,3.81,3.92,3.38,0.77,1.44,1.67,1.62,1.79,1.92,1.18,0.96,1.09,0.94,1.86,1.72,1.34,1.11,0.88,2.06,2.27,1.38,1.48,1.51,1.81,1.43,1.55,2.12,1.77,1.3,1.06,1.9,2.18,1.51,1.79,1.89,1.7,1.91,2.49,1.34,0.94,1.26,1.22,1.04
"sub-10638","LA5C_study",1,0,25,2,22,2.144082,1.4142135623731,3.5,3.71,3.91,3.79,3.6,3.56,2.92,2.94,3.75,3.73,3.29,3.31,3.34,3.42,3.59,3.14,3.15,3.44,3.41,4.08,3.99,3.4,3.65,3.62,3.46,3.97,4.02,3.62,3.41,3.62,3.73,3.61,3.61,3.31,3.13,3.9,3.81,3.8,3.65,3.3,1.47,1.55,0.88,1.48,3.33,1.87,0.9,1.21,1.28,0.95,1.59,1.75,1.07,0.96,0.89,1.88,1.69,1.73,1.73,2.24,3.24,1.89,2.23,2.04,2.28,1.1,1.15,2.31,2.08,1.52,1.66,1.72,1.72,1.82,2.01,1.29,1.16,1.49,1.26,1.14
"sub-10672","LA5C_study",1,0,29,1,22,2.174441,3.46410161513775,3.75,3.94,3.94,3.95,3.96,3.85,3.02,2.98,3.59,3.72,3.52,3.5,3.48,3.53,3.64,3.44,3.52,3.59,3.5,4.3,4.06,3.69,3.66,3.7,3.65,3.91,3.97,3.83,3.77,3.77,3.76,3.98,3.95,3.48,3.58,3.97,4.21,4.02,4.23,3.59,1.41,1.39,1.72,1.48,1.33,1.15,1.07,0.88,1,1.09,1.21,1.41,0.99,0.85,0.7,1.98,1.87,2.1,1.85,2.43,2.44,2.72,2.1,1.87,2.13,1.77,1.17,1.97,2.11,1.4,1.64,1.53,1.75,2.17,1.6,1.11,1.06,1.11,1.17,1.06
"sub-10678","LA5C_study",1,0,24,2,22,2.382853,2,3.55,3.71,3.95,3.91,3.56,3.66,2.98,2.99,3.58,3.61,3.17,3.27,3.3,3.19,3.25,3.27,3.26,3.5,3.47,4.01,3.85,3.6,3.31,3.47,3.47,3.73,4.13,3.58,3.56,3.55,3.56,3.56,3.61,3.21,3.26,3.83,3.96,3.84,3.96,3.3,1.35,1.52,1.24,1.53,1.69,1.35,1.03,1.09,0.92,1.05,1.54,1.51,1.04,0.78,0.85,1.8,1.79,1.54,1.53,2.21,2.08,1.68,1.67,1.64,2.02,1.24,1.16,2.1,2.18,1.36,1.63,1.58,1.82,1.84,2.22,1.17,0.8,0.82,1.16,1.08
"sub-10686","LA5C_study",1,0,26,2,22,2.246687,2.64575131106459,3.83,3.72,4.02,3.92,3.53,3.75,2.86,2.86,3.79,3.92,3.42,3.49,3.31,3.76,3.55,3.33,3.26,3.5,3.47,4.46,4.12,3.68,3.39,3.79,3.39,4.18,4.07,3.85,3.65,3.58,3.73,3.8,3.74,3.29,3.31,4.16,4.07,3.91,4.37,3.41,0.97,1.32,1.14,3.11,1.52,1.01,0.53,0.55,0.74,0.71,1.33,1.04,0.9,0.67,0.68,1.54,1.47,1.37,1.79,1.83,2.04,1.57,1.81,2.14,1.94,0.87,0.71,2.08,2.72,1.34,1.08,1.57,1.7,1.85,1.92,0.88,0.59,0.91,0.25,0.74
"sub-10696","LA5C_study",1,0,25,2,22,2.257833,1,3.79,3.78,3.71,3.7,3.64,3.56,3.02,3.03,3.83,3.79,3.48,3.41,3.32,3.55,3.58,3.36,3.28,3.41,3.37,4.01,3.88,3.53,3.37,3.57,3.53,3.78,3.9,3.62,3.57,3.55,3.66,3.65,3.61,3.45,3.41,3.73,3.89,3.77,3.94,3.44,1.24,0.97,1.45,1.51,1.55,1.43,0.85,0.83,1.46,0.85,1.6,1.27,0.99,0.96,0.72,1.47,1.65,1.5,1.51,1.64,1.82,2.17,1.55,1.94,1.82,1.28,1.37,1.89,2.01,1.31,1.28,1.37,1.57,0.85,2.01,1.14,0.98,1.24,1.07,0.92
"sub-10788","LA5C_study",1,0,35,2,22,2.106284,2.64575131106459,3.85,3.95,4.09,3.86,3.89,3.77,2.94,2.94,3.74,3.85,3.5,3.48,3.3,3.76,3.57,3.51,3.51,3.52,3.36,4.33,4.12,3.5,3.37,3.58,3.46,3.87,4.2,3.51,3.36,3.77,3.72,3.75,3.9,3.6,3.47,3.97,4.05,4.07,4.06,3.36,1.08,1.08,1.3,1.43,1.26,1.7,0.67,0.76,0.82,0.9,1.46,1.33,0.95,0.58,0.72,1.77,1.69,1.56,1.63,2.44,2.26,1.65,1.84,2.3,2.15,1.32,0.94,2.1,2.25,0.86,1.29,1.47,1.76,2.06,1.91,1.07,0.85,0.97,1.21,0.89
"sub-10844","LA5C_study",1,0,26,1,22,2.376901,2,3.56,3.75,3.93,3.73,3.89,3.55,2.89,3.01,3.99,4.03,3.47,3.57,3.4,3.49,3.62,3.51,3.47,3.62,3.45,4.22,4.15,3.62,3.47,3.68,3.63,4.01,4.08,3.58,3.6,3.96,3.86,3.91,3.78,3.58,3.45,3.99,4.04,3.92,4.01,3.37,1.08,1.08,1.13,1.89,1.08,1.14,0.72,0.74,1.09,0.7,1.37,1.28,0.67,0.74,0.67,1.5,1.39,1.41,1.54,2.04,1.92,1.66,1.93,1.58,2.01,1.11,1,1.57,2.47,0.98,0.84,1.49,1.27,1.69,1.47,0.99,0.94,1.19,1.16,0.89
"sub-10877","LA5C_study",1,0,23,1,22,2.468587,1.73205080756888,3.81,3.73,3.85,3.7,3.69,3.74,2.99,3.08,3.74,4.05,3.45,3.44,3.45,3.42,3.42,3.32,3.32,3.63,3.55,4.17,4,3.58,3.52,3.86,3.82,4.03,4.07,3.71,3.56,3.82,3.72,3.79,3.76,3.38,3.32,3.98,4.22,3.73,3.88,3.41,1.64,1.79,1.5,2.41,1.36,1.34,1.01,0.97,1.15,1.1,1.52,1.29,1.09,0.81,0.92,1.63,1.57,1.67,1.74,1.81,1.8,1.63,1.61,1.79,1.7,1.31,1.2,1.94,2.2,1.19,1.15,1.54,1.55,1.9,2.79,1.27,1.31,1.44,1.4,1.12
"sub-10934","LA5C_study",1,0,37,2,22,2.183873,3.16227766016838,3.8,3.84,3.91,3.94,3.84,3.79,3.11,2.9,3.68,3.86,3.57,3.63,3.18,3.65,3.85,3.44,3.35,3.72,3.5,4,4.12,3.35,3.45,3.7,3.54,4.15,4.2,3.63,3.51,3.74,3.62,3.79,3.76,3.66,3.56,4,4.13,4.08,4.04,3.21,1.31,1.78,1.95,1.8,1.54,1.64,1.06,0.76,1,0.89,1.22,1.25,0.92,0.8,0.79,1.68,1.73,1.85,1.79,3.39,4.17,1.65,2.08,2.55,2.3,0.97,1.15,2.22,2.2,1.36,1.38,1.61,1.7,2.09,2.02,1.24,0.96,1.31,1.24,0.92
"sub-10948","LA5C_study",1,0,22,2,22,2.304248,2.64575131106459,3.77,3.8,4.15,3.93,3.83,3.69,2.95,3.2,4.05,3.96,3.6,3.53,3.54,3.79,3.55,3.59,3.43,3.55,3.61,4.29,4.25,3.69,3.59,3.9,3.71,3.99,4.29,3.78,3.75,3.69,3.8,3.98,3.99,3.54,3.41,4.08,4,4.05,3.9,3.5,1.17,1.17,1.22,1.57,1.18,1.22,0.72,0.71,0.87,0.83,1.07,1.21,0.74,0.61,0.7,1.48,1.34,1.32,1.34,1.96,2.4,1.27,1.56,2.04,1.69,0.97,1.03,1.97,2.06,1.35,1.15,1.53,1.54,1.66,1.6,0.92,0.99,1.21,1.07,1.05
"sub-10968","LA5C_study",1,0,24,1,22,2.461702,1,3.69,3.67,3.82,3.92,3.77,3.77,3.08,3.13,3.58,3.71,3.45,3.55,3.5,3.73,3.72,3.35,3.44,3.53,3.49,4.17,4.18,3.54,3.62,3.68,3.56,4.14,4.19,3.59,3.57,3.94,3.84,3.76,3.68,3.47,3.49,3.71,4.1,3.97,3.95,3.42,1.48,1.29,2.04,1.44,1.01,1.13,0.71,0.69,0.88,0.89,1.43,1.29,0.86,0.81,0.67,1.86,1.62,1.44,1.4,2.1,2.21,1.44,1.34,1.7,1.75,1.02,1.28,2.36,2.39,0.88,0.91,1.54,1.52,1.65,1.96,1.23,0.85,1.34,1.21,0.86
"sub-11077","LA5C_study",1,0,22,2,22,2.351762,3.16227766016838,3.81,3.85,3.92,3.81,3.68,3.76,3.13,3.24,3.94,3.95,3.52,3.54,3.67,3.78,3.84,3.5,3.35,3.63,3.57,4.12,4.02,3.73,3.47,3.81,3.63,4.2,4.09,3.68,3.72,3.91,3.81,3.84,3.75,3.49,3.38,4.12,4.27,4.07,4.22,3.62,1.33,1.11,1.24,1.45,1.36,1,0.82,0.81,0.93,0.86,1.27,1.33,0.9,0.82,0.6,1.83,1.82,1.35,1.54,1.46,2.14,1.64,1.71,1.83,2.22,1.1,0.96,2.52,2.78,1.12,1.39,1.53,2.02,1.93,2.35,0.95,0.95,1.04,0.97,0.84
"sub-11122","LA5C_study",1,0,40,2,22,2.175793,3,3.54,3.7,3.73,3.75,3.41,3.54,2.87,2.9,3.72,3.86,3.3,3.36,3.37,3.35,3.56,3.18,3.16,3.44,3.45,4.22,4.35,3.29,3.46,3.57,3.7,3.96,4.07,3.6,3.62,3.54,3.85,3.63,3.55,3.24,3.12,3.9,4.29,3.84,3.93,3.24,1.67,1.39,1.87,1.96,2.07,1.9,0.97,0.79,1.2,0.79,1.64,1.33,1.26,0.74,0.66,1.94,2.01,2.7,1.86,2.23,1.4,2.23,1.92,2.49,2.93,0.94,1.07,2.47,1.99,1.53,1.11,1.99,2.23,2.84,1.9,1.21,0.82,1.3,1.2,1.41
"sub-11142","LA5C_study",1,0,24,1,22,2.473727,1.4142135623731,3.98,4.11,3.99,3.66,3.74,3.72,3.25,3.38,3.92,3.9,3.58,3.59,3.62,3.74,3.75,3.62,3.55,3.77,3.64,4.42,4.14,3.55,3.47,3.69,3.76,4.3,4.19,3.87,3.58,3.9,3.97,3.87,3.92,3.5,3.58,3.74,4.41,4.03,4.12,3.56,1.21,1.41,1.43,2.55,1.57,1.35,0.72,0.85,0.85,0.87,1.06,1.18,0.92,0.65,0.66,1.31,1.56,1.26,1.65,2.43,1.93,1.58,2.19,1.95,2.4,1.14,0.87,1.63,2.32,0.99,1.06,1.41,1.52,1.03,1.53,1.18,0.76,0.92,1.3,0.77
