"ID","site","timepoint","dcode","age","sex","scanner","IQR","euler_med","Left_Lateral_Fissure_thickness","Right_Lateral_Fissure_thickness","Left_Anterior_Cingulate_Sulcus_thickness","Right_Anterior_Cingulate_Sulcus_thickness","Left_Posterior_Cingulate_Sulcus_thickness","Right_Posterior_Cingulate_Sulcus_thickness","Left_Calcarine_Fissure_thickness","Right_Calcarine_Fissure_thickness","Left_Collateral_Fissure_thickness","Right_Collateral_Fissure_thickness","Left_Intra.Parietal_Fissure_thickness","Right_Intra.Parietal_Fissure_thickness","Left_Parieto.Occipital_Fissure_thickness","Left_Occipital_Sulcus_thickness","Right_Occipital_Sulcus_thickness","Left_Central_Sulcus_thickness","Right_Central_Sulcus_thickness","Left_Inferior_Frontal_Sulcus_thickness","Right_Inferior_Frontal_Sulcus_thickness","Left_Paracingulate_Sulcus_thickness","Right_Paracingulate_Sulcus_thickness","Left_Intermediate_Frontal_Sulcus_thickness","Right_Intermediate_Frontal_Sulcus_thickness","Left_Superior_Frontal_Sulcus_thickness","Right_Superior_Frontal_Sulcus_thickness","Left_Occipital.Temporal_Lateral_Sulcus_thickness","Right_Occipital.Temporal_Lateral_Sulcus_thickness","Left_Orbitofrontal_Sulcus_thickness","Right_Orbitofrontal_Sulcus_thickness","Left_Medial_Parietal_Sulcus_thickness","Right_Medial_Parietal_Sulcus_thickness","Left_Pre.Central_Sulcus_thickness","Right_Pre.Central_Sulcus_thickness","Left_Post.Central_Sulcus_thickness","Right_Post.Central_Sulcus_thickness","Left_Inferior_Temporal_Sulcus_thickness","Right_Inferior_Temporal_Sulcus_thickness","Left_Superior_Temporal_Sulcus_thickness","Right_Superior_Temporal_Sulcus_thickness","Right_Parieto.Occipital_Fissure_thickness","Left_Lateral_Fissure_width","Right_Lateral_Fissure_width","Left_Anterior_Cingulate_Sulcus_width","Right_Anterior_Cingulate_Sulcus_width","Left_Posterior_Cingulate_Sulcus_width","Right_Posterior_Cingulate_Sulcus_width","Left_Calcarine_Fissure_width","Right_Calcarine_Fissure_width","Left_Collateral_Fissure_width","Right_Collateral_Fissure_width","Left_Intra.Parietal_Fissure_width","Right_Intra.Parietal_Fissure_width","Left_Parieto.Occipital_Fissure_width","Left_Occipital_Sulcus_width","Right_Occipital_Sulcus_width","Left_Central_Sulcus_width","Right_Central_Sulcus_width","Left_Inferior_Frontal_Sulcus_width","Right_Inferior_Frontal_Sulcus_width","Left_Paracingulate_Sulcus_width","Right_Paracingulate_Sulcus_width","Left_Intermediate_Frontal_Sulcus_width","Right_Intermediate_Frontal_Sulcus_width","Left_Superior_Frontal_Sulcus_width","Right_Superior_Frontal_Sulcus_width","Left_Occipital.Temporal_Lateral_Sulcus_width","Right_Occipital.Temporal_Lateral_Sulcus_width","Left_Orbitofrontal_Sulcus_width","Right_Orbitofrontal_Sulcus_width","Left_Medial_Parietal_Sulcus_width","Right_Medial_Parietal_Sulcus_width","Left_Pre.Central_Sulcus_width","Right_Pre.Central_Sulcus_width","Left_Post.Central_Sulcus_width","Right_Post.Central_Sulcus_width","Left_Inferior_Temporal_Sulcus_width","Right_Inferior_Temporal_Sulcus_width","Left_Superior_Temporal_Sulcus_width","Right_Superior_Temporal_Sulcus_width","Right_Parieto.Occipital_Fissure_width"
"40024","cobre",1,0,42,1,2,2.234241,1,3.74,3.7,3.84,3.65,3.61,3.7,2.66,2.72,3.79,3.74,3.2,3.23,3.21,3.25,3.31,3.08,3.22,3.52,3.51,4.36,3.99,3.48,3.23,3.6,3.57,3.7,4.04,3.68,3.62,3.49,3.81,3.69,3.65,3.22,2.98,3.69,3.94,3.74,4.05,3.16,1.43,2.39,3.31,1.98,1.83,1.54,0.9,0.78,1.12,0.77,1.78,1.65,1.16,0.93,0.73,1.83,1.71,2.56,1.91,2.82,2.34,1.77,2.11,2.33,2.4,0.64,0.76,1.8,1.92,1.66,1.3,1.8,1.85,1.92,1.81,0.96,0.76,1,0.9,1.24
"40055","cobre",1,0,30,2,2,2.214629,2.236068,3.56,3.52,4,3.76,3.53,3.62,2.58,2.64,3.71,3.8,3.09,3.16,3.21,3.3,3.41,3.18,3.13,3.39,3.35,4.12,4,3.42,3.24,3.41,3.42,3.82,3.99,3.62,3.35,3.73,3.79,3.63,3.59,3.03,3.11,3.93,3.83,3.87,4.27,3.12,1.24,1.32,1.25,1.32,1.81,1.64,0.75,1.49,0.75,0.83,1.57,1.54,1.34,0.86,0.79,2.01,1.98,1.95,1.94,2.15,2.68,2,1.77,1.8,2.4,1.2,0.71,2.01,2.95,1.79,1.01,1.77,1.59,1.94,2.03,1.03,0.82,0.92,0.36,1.5
"40017","cobre",1,0,30,2,2,2.105963,3.464102,3.67,3.84,3.92,3.87,3.54,3.71,2.91,3.01,3.73,3.97,3.25,3.27,3.22,3.37,3.45,3.42,3.44,3.58,3.54,4.46,4.3,3.58,3.36,3.51,3.61,3.82,4.39,3.83,3.67,3.63,3.57,3.72,3.94,3.38,3.41,3.82,4.07,4.04,3.88,3.18,1.33,1.57,2.45,1.54,1.82,1.9,0.87,1.13,1.3,0.76,2.14,1.86,1.29,1.09,1.28,1.94,2.13,1.13,1.83,1.91,2.73,1.95,1.93,2.59,2.27,1.3,1.09,1.75,2.66,1.41,1.51,1.9,2.25,2.23,2.17,1.28,1.24,0.41,1.28,1.26
"40031","cobre",1,0,43,2,2,2.155504,4,3.81,3.77,4.06,3.93,3.62,3.59,2.95,3.1,3.87,3.59,3.44,3.45,3.37,3.61,3.59,3.55,3.46,3.64,3.59,4.29,4.48,3.83,3.62,3.79,3.62,4.14,4.29,4.03,4.08,3.84,3.86,3.96,3.74,3.49,3.47,4.18,4.34,4,4.12,3.43,1.16,1.36,2.08,1.85,1.63,1.59,1.06,0.85,0.71,1.46,1.56,1.54,1.21,1.06,1.03,1.72,1.91,1.31,1.51,2.14,3.08,1.72,1.95,1.98,2.17,1.26,0.86,1.14,1.68,1.56,1.46,1.08,1.83,2,2.27,1.21,0.88,0.96,0.97,1.32
"40035","cobre",1,0,30,1,2,2.495952,2.236068,3.52,3.56,3.4,3.73,3.71,3.63,2.72,2.72,3.44,3.72,3.22,3.2,3.39,3.28,3.3,3.02,2.97,3.52,3.41,4.21,4.27,3.5,3.49,3.69,3.46,3.93,4.07,3.53,3.73,3.73,3.74,3.57,3.62,3.12,3.14,3.79,4.09,3.7,4.16,3.25,1.43,1.1,0.35,2.36,2.33,1.41,0.78,0.74,0.66,0.61,1.64,1.85,1.05,0.67,0.61,1.75,1.82,1.92,1.92,2.16,2.82,2,2.39,2.19,2.34,1.18,0.69,2.02,1.97,1.36,1.13,1.42,1.76,1.75,1.61,0.86,0.84,1.15,1.04,1.06
"40067","cobre",1,0,33,1,2,2.126325,0,3.77,3.81,3.92,4.01,3.66,3.6,2.97,2.9,3.92,3.79,3.25,3.27,3.26,3.4,3.44,3.31,3.31,3.4,3.43,4.33,4.12,3.35,3.3,3.59,3.58,3.91,4.11,3.81,3.58,3.5,3.92,3.65,3.62,3.28,3.11,4.11,3.98,3.88,3.94,3.25,1.6,1.47,1.75,1.54,2.12,2.3,1.32,0.98,1.01,0.82,2.14,2.27,1.43,1.32,1.08,2.21,2.11,1.68,1.56,1.99,2.92,1.74,2.12,2.47,2.67,1.48,1.05,2.1,2.26,1.82,0.99,2.02,1.76,2.61,2.83,1.35,1.34,1.38,1.37,1.49
"40134","cobre",1,0,42,1,2,2.126827,2.645751,3.7,3.69,3.78,3.73,3.46,3.41,2.74,2.61,3.46,3.51,3,3.08,3.11,3.26,3.42,3.14,3.02,3.24,3.17,3.88,3.97,3.29,3.35,3.23,3.35,3.89,3.81,3.83,3.62,3.68,3.61,3.34,3.43,3.34,3.07,3.89,4.19,3.87,3.8,3.23,1.6,1.49,1.67,3.06,1.94,2.38,0.74,0.85,0.96,1.22,3.15,2.24,1.21,1.16,1.01,2.33,2.32,1.22,2.14,2.89,3.49,2.74,2.3,2.71,3.39,1.39,1.08,2.02,2.2,0.91,1.42,2.29,2.19,0.7,2.55,1.08,0.93,1.28,1.51,1.55
"40141","cobre",1,0,35,2,2,1.91158,2.645751,3.6,3.72,3.85,3.87,3.59,3.6,3.04,3.04,3.97,3.91,3.26,3.24,3.27,3.5,3.42,3.33,3.22,3.41,3.39,3.85,4.02,3.51,3.27,3.42,3.43,3.84,3.93,3.8,3.51,3.6,3.85,3.59,3.63,3.26,3.31,3.76,3.91,3.81,3.77,3.18,2,1.54,1.65,1.61,1.41,1.35,1.09,0.88,0.7,0.8,1.46,1.81,1.25,0.86,1.16,2.21,1.79,1.52,1.61,1.88,2.63,1.43,2.07,2.66,2.24,1.44,1.15,2.1,2.52,1.2,1.02,1.94,1.67,2.43,1.91,1.13,1.14,1.24,1.37,1.04
"A00015581","bgs",1,0,22,2,11,2.057565,2.44948974278318,3.86,4,4.31,4.12,3.8,3.94,2.86,2.96,3.79,3.93,3.46,3.38,3.36,3.43,3.38,3.41,3.37,3.62,3.55,4.71,4.63,3.72,3.41,3.86,3.73,3.69,3.93,4.1,3.86,3.7,3.82,3.8,3.87,3.52,3.65,3.74,3.92,3.78,3.95,3.45,1.41,1.21,1.53,1.93,1.9,1.12,1.03,0.98,1,0.89,1.72,1.51,0.97,0.92,0.88,1.85,1.53,1.69,1.6,2.23,2.11,5.35,2.61,1.49,2.19,1.14,1.04,1.72,1.98,1.67,1.56,1.98,1.76,2.06,1.55,1.27,1.02,0.15,1.18,1.14
"2c6c8fu31193_s","utrecht",1,0,35,1,23,2.208149,6.708204,3.4,3.57,4.09,3.94,3.33,3.34,2.57,2.57,3.14,3.34,2.75,2.97,3.14,2.96,2.99,2.76,2.76,3.43,3.3,4.4,4.1,3.34,3.03,3.22,3.45,3.69,3.73,3.71,3.75,3.26,3.2,3.37,3.29,2.79,2.96,3.5,3.61,3.77,3.91,2.95,1.37,1.37,2.07,2.03,2.67,2.64,1,0.97,1,0.81,1.88,1.67,1.18,0.87,0.78,2.14,1.74,1.39,1.8,2.47,4.11,2.04,1.67,2.86,2.16,0.82,1.23,1.32,1.56,1.73,1.69,1.27,1.73,2.46,3.24,0.95,0.73,1.33,1.19,1.18
"606f6du42046_s","utrecht",1,0,26,1,23,2.306464,3.872983,3.86,3.81,4.14,4.06,3.66,3.78,2.72,2.88,3.81,3.75,3.38,3.24,3.35,3.31,3.57,2.81,2.79,3.86,3.82,4.62,4.68,3.72,3.77,4.39,4.27,3.86,3.78,3.82,4.09,3.82,4.06,3.65,3.64,2.99,3,4.15,3.92,4.12,4.01,3.41,1.83,1.36,1.61,1.96,1.78,1.42,0.68,0.9,1.44,0.98,1.47,1.48,1.15,0.69,0.73,1.29,1.5,1.29,1.26,1.3,2.21,1.75,1.49,2.37,1.99,1,1.02,1.95,2.23,1.1,0.64,1.53,1.65,1.99,2.37,0.85,0.93,1.04,1.04,0.89
"8136cdu3d3b5_s","utrecht",1,0,29,2,23,2.04324,0,3.91,3.84,4.17,4.14,3.63,3.73,2.83,2.93,3.7,3.58,3.22,3.31,3.04,3.21,3.55,3,3.02,3.49,3.54,4.62,4.59,3.35,3.51,3.75,3.64,4.1,3.81,3.85,3.91,3.46,3.62,3.59,3.61,3.3,2.67,4.13,4.12,4.16,4.27,3.2,1.34,1.49,1.92,1.6,1.58,1.31,0.94,0.85,0.98,0.81,2,2.5,1.2,0.69,0.76,2.28,2.34,2.05,1.98,2.31,3.2,2.42,2.61,2.24,2.1,1,1,1.8,1.94,1.53,1,1.98,2.02,2.61,1.18,0.67,0.91,1.1,1.22,1.24
"82e1fau30ed6_s","utrecht",1,0,24,2,23,2.237802,4.123106,3.86,3.83,4.25,4.03,3.61,3.8,3.04,2.96,3.77,3.72,3.28,3.13,3.31,3.27,3.3,3.09,2.89,3.78,3.66,4.88,4.77,3.77,3.69,3.98,3.85,3.79,3.82,3.81,3.57,3.8,4.03,3.66,3.63,3.34,3.02,3.73,3.71,4.04,3.93,3.31,1.79,1.49,2.21,2.34,1.72,1.64,1.26,0.95,0.95,0.98,2.07,2.18,1.3,1.39,1.26,1.77,1.63,1.83,1.82,2.58,2.75,1.54,1.53,1.82,1.45,1.52,1.33,3.18,2.5,1.18,0.77,1.73,1.44,2.11,1.56,1.15,1.32,1.33,1.34,1.43
"0162faz4bbb6","utrecht",1,0,56,2,17,2.24424,2.44949,3.66,3.78,4.22,4.22,3.26,3.37,2.65,2.5,3.65,3.5,3.26,3.05,3.05,3.35,3.35,2.71,2.78,3.67,3.7,4.67,4.81,3.88,3.84,3.92,3.7,3.95,3.93,3.91,3.42,3.73,3.71,3.47,3.49,3.06,3.06,3.8,3.75,4.11,3.93,3.12,1.45,1.59,1.4,1.55,1.87,1.68,0.93,0.85,0.84,0.69,2.01,2,1.44,0.94,1.01,1.63,1.36,1.16,1.37,1.47,1.87,1.15,1.29,1.94,2.28,1.29,1.31,2.03,1.76,1.51,1.43,1.72,1.61,2.32,2.02,1.27,0.82,0.71,1.29,1.32
"07679fu334ba_s","utrecht",1,0,42,1,23,2.259681,2.828427,3.43,3.84,4.05,4.25,3.6,3.67,2.61,2.57,3.82,3.6,3.14,3.13,3.26,3.38,3.36,2.91,3.09,3.26,3.43,4.22,4.62,3.54,3.53,3.53,3.79,3.85,3.81,3.71,3.66,3.56,3.72,3.37,3.45,2.94,3.11,3.59,3.84,3.85,4.39,3.07,1.19,1.22,1.3,1.4,2.12,2.01,1.09,0.88,0.88,1.12,2.44,2.33,1.87,1.02,0.84,2.88,2.44,1.42,1.51,2.38,3.05,1.94,1.49,2.61,2.89,1.01,0.97,1.76,1.37,1.82,1.94,2,2.3,3.68,2.91,0.73,0.8,1.03,0.37,1.56
"0e0b3au1fe2e_s","utrecht",1,0,22,1,23,2.324191,6.324555,3.74,3.55,4.15,4.23,3.73,3.44,2.84,2.86,3.8,3.78,3.12,3.16,3.23,3.16,3.31,3.01,2.92,3.72,3.73,4.68,4.81,3.53,3.73,3.7,3.61,3.67,3.42,3.77,3.75,3.96,3.8,3.7,3.76,3.17,2.99,3.85,3.88,3.97,3.84,3.16,1.4,1.47,0.87,1.1,2.18,1.55,0.88,0.85,0.97,1.15,1.64,1.91,0.85,1.23,1.15,1.42,1.57,1.14,1.24,1.3,1,1.18,1.3,1.5,1.76,1.68,1.19,2.14,1.6,0.95,0.94,1.26,1.4,1.63,2.12,1.14,1,1.25,1.2,1.05
"163e33u09e9d_s","utrecht",1,0,20,2,23,2.593972,2.645751,3.93,3.98,4.4,4.45,3.86,4.04,3.11,3,3.91,4.41,3.44,3.51,3.28,3.52,3.5,3.36,3.28,3.9,4.01,4.81,4.96,3.96,4.34,4.23,4.2,3.97,4,3.63,3.86,3.91,4.05,4.06,4.14,3.76,3.48,3.91,4.01,4.14,4.51,3.37,1.13,1.06,1.77,1.43,1.86,1.64,1.01,0.94,0.91,0.03,2.03,2.04,1.13,0.88,1.15,1.62,1.62,1.1,1.02,1.32,1.69,1.33,0.78,1.44,1.45,1.34,1.14,2.41,2.13,1.57,2.01,1.59,1.39,2.43,1.92,1.28,1.14,1.09,0.23,1.4
"263d23u41f19_s","utrecht",1,0,44,2,23,2.3438,4.123106,3.55,3.43,4.13,4.28,3.26,3.52,2.67,2.57,3.31,3.56,3.25,3.28,3.22,3.07,3.2,3.04,2.82,3.32,3.48,4.28,4.15,3.85,3.48,3.62,3.7,3.63,3.58,3.88,3.54,3.68,3.69,3.48,3.46,3.07,3.14,3.92,3.7,3.85,3.8,3.02,1.76,1.89,1.93,1.8,3.53,2.77,1.46,1.29,1.17,1.42,2.18,2.04,2.09,0.98,1.64,2.65,3.02,1.78,1.65,2.8,3.15,2.27,1.95,3.02,2.64,1.32,1.47,2.78,1.97,1.88,1.59,1.95,2.2,3.07,2.62,1.13,1.22,1.29,1.64,1.8
"2653bau2e8f2_s","utrecht",1,0,22,2,23,2.571526,2.645751,3.62,3.79,4.01,4.15,3.7,3.81,2.98,2.95,3.68,3.84,3.21,3.28,3.13,3.11,3.29,3.02,3.12,3.34,3.61,4.66,4.81,3.89,3.8,3.47,3.7,3.91,3.92,3.45,3.6,3.86,3.94,3.67,3.77,3.25,3.11,3.68,3.75,4.18,4.18,3.06,1.43,1.39,2.07,2.57,2.34,1.95,1.16,1.42,1.15,0.83,2.14,1.83,1.98,1.11,0.9,2.32,2.16,1.61,1.56,2.29,1.99,2.02,1.41,2.08,1.92,0.93,1.5,2.17,1.83,1.51,1.1,1.84,1.67,2.61,2.27,1.14,0.93,0.78,1.12,1.78
"3dbefbz1ffb5","utrecht",1,0,45,2,17,2.369219,2.645751,3.58,3.83,3.99,4.11,3.66,3.64,2.9,2.91,3.81,3.6,3.34,3.25,3.05,3.53,3.51,2.99,3.07,3.56,3.8,4.76,4.43,3.53,3.65,3.64,4.1,3.95,4.06,3.62,3.93,3.82,3.64,3.84,4.02,3.16,3.24,4.24,4.14,4.95,4.17,3.41,1.12,1.17,1.86,1.84,1.87,1.49,0.62,0.85,0.75,0.83,1.86,1.85,1.22,0.82,0.72,2.05,1.74,1.94,1.63,2.77,2.62,1.58,3.08,3.21,2.32,1.59,1.44,2.7,2.29,1.7,1.62,1.86,2.06,2.19,2.37,0.89,0.91,0.19,0.84,0.9
"40916eu0ed22_s","utrecht",1,0,27,1,23,2.687498,2.828427,3.99,4.07,3.89,4.32,3.68,3.91,3.14,3.11,3.87,3.93,3.64,3.39,3.25,3.59,3.71,3.36,3.31,4.11,3.96,4.64,4.55,3.72,3.62,3.99,3.89,4.18,4.22,4.44,4,4.02,3.82,4.05,3.74,3.62,3.28,4.24,4.08,4.41,4.46,3.33,1.25,1.4,2.7,2.33,2.11,1.83,0.86,0.89,0.93,0.93,2.23,2.22,1.51,1.13,1.15,2.21,2.3,1.29,1.41,2.15,2.35,1.07,2.06,2.64,1.99,1.34,1.26,1.77,1.49,1.14,1.5,1.94,2.1,2.22,2.81,1.06,1.09,0.95,1.13,1.3
"447bedu2987a_s","utrecht",1,0,27,1,23,2.643269,7.071068,3.63,3.5,3.99,4.17,3.58,3.52,2.82,2.74,3.54,3.46,3.05,3.18,3.22,3.08,3.26,2.73,2.78,3.53,3.38,4.26,4.61,3.43,3.55,3.44,3.66,3.75,3.58,3.71,3.8,3.47,3.63,3.32,3.34,3.04,3.04,3.72,3.66,3.75,3.77,3.11,1.19,1.25,1.93,1.44,0.38,1.28,0.86,0.79,0.93,0.81,1.62,1.45,1.18,0.62,0.86,1.11,1.34,1.3,1.27,1.84,1.78,1.44,1.46,1.43,1.7,1.45,1.51,2.99,2.24,2.04,1.09,1.28,1.56,1.62,1.54,1.1,0.96,1.09,1.35,0.93
"52d4d0z1b1f9","utrecht",1,0,52,1,17,2.705,2.44949,3.59,3.7,3.83,4.13,3.67,3.52,2.86,2.72,3.55,3.57,3.05,3.18,3.05,3.71,3.67,2.81,2.64,3.38,3.62,3.89,4.11,3.18,3.55,2.98,2.95,3.91,3.9,4.07,3.91,3.76,3.93,3.2,3.36,3.06,3.01,4.11,4.4,4.18,4.12,3.15,2.02,2.78,1.99,1.96,2.33,2.25,1.15,0.9,0.94,1.02,1.64,1.75,1.31,0.8,0.86,2.44,2.38,1.91,1.88,1.91,2.18,2.43,2.47,2.93,2.42,1.36,1.71,1.8,2.05,1.18,0.93,2.05,2.2,2.58,2.58,0.83,0.85,1.2,1.2,1.14
"5387afu02bc5_s","utrecht",1,0,18,2,23,2.718231,3.872983,3.99,3.89,4.32,4.12,4.01,4.03,2.73,2.79,3.4,3.38,3.36,3.29,3.3,3.3,3.34,3.14,2.84,4.03,3.61,4.88,4.5,3.72,3.65,3.72,3.76,3.75,3.82,3.79,3.83,3.77,4.16,3.84,3.57,3.27,2.96,4.41,3.98,5.1,3.84,3.12,1.11,1.08,1.04,1.19,0.94,1.14,0.65,0.7,0.96,1.1,1.16,1.44,0.63,0.48,0.65,1.06,0.97,0.5,1.06,1.18,1.46,1.12,1.43,1.23,1.09,1.25,1.41,2.07,1.43,1.09,0.85,1.13,1.03,1.29,1.49,0.96,0.83,0.11,1.37,1.03
"5cedbcz3d282","utrecht",1,0,35,1,17,2.417879,5.385165,3.96,4.01,4.09,3.98,3.67,3.99,2.71,2.84,3.9,3.68,3.35,3.48,3.75,3.5,3.61,2.72,2.76,3.87,3.55,4.59,4.67,4.34,3.73,3.85,3.61,3.87,3.81,3.62,3.76,3.72,3.87,3.72,3.5,3.09,3.23,4.48,4.01,4.33,4.24,3.36,1.74,1.03,1.3,1.8,1.6,1.32,1.11,1.02,0.91,0.81,1.89,1.69,1.27,1.14,1.05,1.39,1.31,1.01,1.16,2.53,2.26,1.05,1.2,1.71,1.71,1.38,1.93,2.43,3.4,1.48,1.66,1.21,1.42,1.64,1.45,0.86,0.96,0.6,0.98,1.42
"6b728fz24b19","utrecht",1,0,19,1,17,2.42375,5,3.66,3.91,3.93,3.91,3.56,3.7,2.66,2.64,3.51,3.53,3.32,3.25,3.44,3.23,3.4,3.17,3.12,3.66,3.79,4.32,4.46,3.61,3.6,3.66,3.6,3.84,3.73,3.65,3.99,3.8,3.94,3.77,3.75,3.26,3.29,3.86,3.93,3.99,4.12,3.4,1.34,1.41,2.39,1.78,1.72,1.93,0.84,0.94,0.92,1.04,1.84,1.56,1.54,1.22,1.01,1.78,1.72,1.66,1.41,1.76,1.75,1.69,1.5,1.98,1.63,1.34,1.68,2.03,1.38,1.72,1.02,1.68,1.5,2.12,1.7,1.28,1.2,0.81,1.4,1.15
"6c83c0z2259b","utrecht",1,0,23,1,17,2.128427,1,3.87,3.79,4.12,4.11,3.85,3.54,2.7,2.59,3.82,3.35,3.27,2.98,3.2,3.21,3.3,3.02,3,3.6,3.93,4.65,4.79,3.7,3.49,4.2,4.14,3.97,3.86,3.88,3.55,3.91,3.54,3.52,3.68,3.2,3.22,3.83,4.31,3.93,4.2,3.03,1.9,1.65,1.99,1.57,0.99,1.57,1.22,1,1.06,1.1,1.64,2.22,1.32,1.42,1.3,1.31,1.14,1.7,1.1,1.03,1.42,1.37,1.87,1.66,1.51,1.25,0.83,2.29,1.85,1.1,1.37,1.54,1.25,1.9,1.83,1.07,0.85,1.61,1.51,0.86
"7932c0z38781","utrecht",1,0,22,1,17,2.274504,2.44949,3.66,3.92,3.69,3.92,3.47,3.65,2.7,2.72,3.56,3.61,3.19,3.23,3.22,3.21,3.35,3.09,2.95,4.01,3.66,4.5,4.49,3.87,3.81,3.79,3.84,3.63,3.63,3.95,3.53,3.61,3.65,3.8,3.55,3.17,2.95,3.98,3.81,3.82,3.91,3.23,1.03,1.55,2.56,2.01,1.87,1.79,1.05,0.72,0.99,0.94,1.8,1.65,1.19,0.88,0.79,1.59,1.69,1.26,1.5,1.67,1.76,1.55,1.69,1.92,1.59,1.46,1.35,2.23,2.17,1.44,1.32,1.83,1.53,1.89,1.76,0.92,1.15,1.12,1.46,1.22
"7ac6c6z3abd5","utrecht",1,0,40,1,17,2.4468,1,3.59,3.71,4.35,4.32,3.63,3.43,2.97,2.77,3.41,3.57,3,3.14,3.06,3.46,3.42,2.97,2.83,3.46,3.42,4.78,4.61,3.5,3.57,3.75,3.66,3.61,3.79,3.76,3.84,3.46,4.01,3.23,3.45,3.12,2.91,4.08,4.08,4.01,3.79,3.02,1.78,1.57,1.95,1.36,1.47,1.61,0.81,0.77,1.03,0.88,2.59,1.97,1.02,0.83,0.82,0.97,1.92,2.27,1.66,1.4,2.12,2.05,2.8,1.37,1.53,1.7,1.59,1.98,2.15,1.42,0.62,3.05,1.64,1.71,2.52,1,0.91,1.63,1.29,1.29
"7b3164u02b01_s","utrecht",1,0,37,2,23,2.713767,3.741657,3.73,3.62,4.22,4.17,3.77,3.62,2.77,2.82,3.81,3.6,3.27,3.38,3.18,3.43,3.39,3.05,3.12,3.53,3.59,4.49,4.37,4,3.61,3.71,3.69,3.64,3.88,3.74,3.4,3.79,4.1,3.66,3.78,3.53,2.86,3.84,3.78,3.99,4.35,3.15,1.95,1.09,1.31,1.14,1.59,1.39,0.79,0.89,0.95,0.92,2.18,1.75,1.09,0.77,0.74,1.31,1.56,1.52,1.21,1.81,2.2,0.43,1.43,2.66,2.02,1.54,0.99,2.09,1.78,1.4,1.27,1.65,1.66,0.85,1.14,0.73,0.8,0.41,0.14,0.86
"82e839u1d590_s","utrecht",1,0,22,1,23,2.152488,3.464102,3.78,3.87,4.16,4.01,3.37,3.51,2.72,2.77,3.79,3.47,3.23,3.07,3.1,3.33,3.15,3.16,2.95,3.76,3.81,4.43,4.58,3.48,3.66,3.78,3.6,3.8,3.76,3.93,3.77,3.9,3.78,3.75,3.61,3.12,2.97,4,3.98,4.13,4.78,3.16,1.36,1.33,1.66,2.51,1.82,1.48,0.76,1.07,0.91,1.02,1.71,1.69,1.22,0.85,0.93,1.54,1.49,1.37,1.41,2.53,1.53,1.48,1.21,1.73,1.56,1.03,1.15,1.62,1.7,1.07,1.19,1.51,1.41,2.16,2.03,0.94,0.85,0.92,0.1,1.3
"910162u272fa_s","utrecht",1,0,23,2,23,2.338041,3.162278,3.64,3.62,4.39,4.14,3.98,3.86,2.76,2.59,3.82,3.65,3.34,3.41,3.49,3.29,3.39,3.25,3.13,4.26,4.08,4.72,4.7,3.91,3.74,4.16,3.9,3.93,4.06,3.72,3.56,3.91,3.89,3.97,4.02,3.5,3.18,3.98,3.83,4.18,4.33,3.31,0.92,0.89,0.74,1.44,1.69,0.94,0.77,0.42,1.28,1.3,1.34,0.89,0.98,0.68,0.53,1.16,0.88,1.02,1.01,1.18,1.75,1.13,0.95,0.9,1.07,1.13,0.94,1.84,2.08,0.79,0.83,1.61,1.08,1.42,1.34,0.79,0.74,0.88,0.55,1.33
"920c75u2c181_s","utrecht",1,0,21,2,23,2.426025,3.605551,3.91,3.86,4.18,4.21,3.45,3.67,2.79,2.72,3.6,3.47,3.09,3.06,3,3.4,3.17,3.06,3.01,3.73,3.89,4.41,4.26,3.77,3.52,3.51,3.69,3.7,3.69,3.87,3.8,3.42,3.37,3.57,3.69,3.19,2.91,3.96,3.86,4.55,3.99,2.99,1.68,3.53,1.8,2.47,2.86,2.54,1.16,1.08,1.2,1.19,2.05,2.53,1.34,0.95,1.26,2.93,3.11,1.36,1.25,2.09,2.58,1.9,1.85,2.09,2.59,1.63,1.43,2,1.56,2.08,2.12,2.21,2.41,2.61,3.47,1.2,1.05,0.32,1.68,2.21
"sub-0727","SRPBS_open",1,0,34,2,20,1.97382,3.16227766016838,3.56,3.51,4.22,4.37,3.59,3.84,2.88,2.85,3.54,3.47,3.2,3.04,3.3,3.2,3.18,3.07,2.98,3.71,3.45,4.39,4.65,3.56,3.34,3.6,3.54,3.7,3.97,3.33,3.75,3.82,3.54,3.57,3.56,3.09,3.03,3.83,3.95,3.81,3.91,3.05,1.21,1.31,1.51,1.51,1.51,1.35,0.74,0.68,0.85,0.72,2.05,1.59,1.48,0.81,0.68,1.66,1.47,0.14,1.63,1.46,1.56,1.51,1.21,1.57,1.69,0.93,0.76,2,1.95,1.37,1.36,2.07,1.61,0.98,1.97,0.99,0.71,1,1.04,1.17
"sub-0728","SRPBS_open",1,0,31,2,20,1.953029,3.87298334620742,3.9,3.87,4.26,4.03,3.74,4,2.96,2.52,3.78,3.64,3.63,3.56,3.49,3.54,3.73,3.4,3.46,3.4,3.68,4.82,4.84,3.75,3.59,3.93,3.95,4.29,4.12,3.68,3.85,3.62,3.84,3.84,3.91,3.33,3.35,4.36,4.4,4.19,4.24,3.37,1.79,1.5,1.98,1.65,1.67,1.62,0.74,0.6,1.05,0.98,1.51,1.63,1,0.79,0.84,1.78,1.76,2.02,1.66,2.35,2.96,2,2,2.31,1.67,0.91,1,2.46,2.13,1.34,1.18,2.04,1.86,2.42,2.27,0.81,1.03,0.87,1.25,1.02
"sub-0730","SRPBS_open",1,0,31,1,20,2.718346,1.73205080756888,3.28,3.56,3.95,3.82,3.29,3.43,2.77,2.69,3.32,3.35,3.07,3.19,3.05,3.16,3.44,2.97,2.91,3.57,3.33,3.84,3.97,3.45,3.38,3.3,3.38,3.95,3.7,3.59,3.42,3.38,3.58,3.4,3.49,3.12,2.95,3.66,3.66,3.73,3.85,3.17,1.26,1.33,2.06,2.11,2.92,1.79,0.79,0.67,0.97,1.22,2.1,1.69,1.25,0.61,0.62,2.68,2.04,0.41,1.66,4.36,2.65,2.08,2.02,2.38,2.09,0.98,1.5,2.61,2.28,1.43,1.72,2.71,2.29,2.74,2.36,1.21,1,0.53,1.22,0.97
"sub-0732","SRPBS_open",1,0,27,1,20,1.860042,1.4142135623731,3.92,4.09,4.19,4.18,3.44,3.58,2.91,2.99,3.82,3.65,3.21,3.27,3.51,3.36,3.37,3.39,3.27,3.52,3.63,4.43,4.61,3.8,3.64,3.9,3.8,4.09,4.2,3.95,4.05,3.47,3.59,3.92,3.75,3.32,3.2,4.22,4.39,4.53,4.61,3.3,1.75,1.95,1.32,2.32,2.81,2.58,1.22,1.28,1.04,1.05,2.35,2.46,1.47,1.01,1.01,2.41,2.5,1.66,1.57,2.57,3.25,1.69,1.89,2.29,2.09,1.35,1.13,2.26,1.93,1.99,1.86,2.1,1.96,3.28,3.35,1.05,0.99,1.27,1.32,1.36
"sub-0742","SRPBS_open",1,0,21,2,20,2.077753,0,3.88,3.81,4.37,4.21,3.88,3.9,2.54,2.73,3.5,3.81,3.25,3.3,3.34,3.29,3.33,3.36,3.31,3.53,3.38,4.31,4.64,3.84,3.63,3.84,3.87,3.87,4.09,3.62,3.46,3.59,3.84,4.05,3.92,3.41,3.55,4.01,3.97,4.17,4.32,3.34,1.35,1.27,1.07,1.45,1.16,1.6,0.61,0.86,0.83,1.18,1.06,1.29,0.78,0.6,0.64,1.18,1.19,1.55,1.59,1.67,2.05,1.07,1.4,1.46,1.44,1.22,1.56,2.04,1.85,1.03,0.8,1.44,1.21,1.37,1.52,0.93,0.84,1.2,0.1,0.87
"sub-0763","SRPBS_open",1,0,45,1,20,1.967754,3.3166247903554,3.6,3.73,4.01,4.02,3.82,3.64,2.78,2.83,3.5,3.39,3.18,3.21,3,3.06,3.05,3.17,3,3.52,3.58,4.55,4.36,3.39,3.57,3.73,3.77,3.97,3.94,3.36,3.54,3.64,3.9,3.81,3.6,3.15,3.25,3.74,4.19,3.67,3.9,3.16,1.4,1.37,1.67,1.38,1.63,1.5,0.85,0.83,0.9,1.12,2.07,1.94,1.45,0.94,0.79,1.7,1.48,1.72,1.48,1.55,2.09,1.59,1.49,2.04,2.16,0.69,1.02,1.89,1.45,1.08,1.27,1.3,1.69,1.93,2.1,1.36,0.86,1.5,1.22,1.28
"sub-0772","SRPBS_open",1,0,68,2,20,1.879648,2.64575131106459,3.54,3.67,3.79,4,3.76,3.7,2.6,2.78,3.6,3.37,3.11,3.17,3.11,3.15,3.09,3.32,3.34,3.46,3.34,4.28,4.48,3.25,3.4,3.51,3.49,4,4.01,3.47,3.35,3.77,4.03,3.53,3.54,3.18,3.31,4.07,3.95,3.8,3.88,3.09,2.07,2.41,1.69,2.1,2.07,2.34,1.11,1.05,1.23,1.07,2.38,2.21,1.91,0.94,0.9,2.16,2.4,1.27,2.32,3.77,3.78,2.31,2.4,3.44,3.17,1,1.33,2.45,2.74,1.6,1.41,3.18,2.64,2.64,2.67,1.65,1.36,0.75,1.74,1.92
"sub-0785","SRPBS_open",1,0,22,2,20,1.852044,3.3166247903554,3.98,3.97,4.37,4.16,3.72,3.88,2.81,2.76,3.94,3.7,3.29,3.47,3.3,3.18,3.3,3.38,3.34,3.95,3.69,4.7,4.56,3.96,3.68,3.97,3.88,3.98,3.85,3.95,3.75,4.04,3.87,3.92,3.78,3.5,3.67,3.98,4.23,4.13,4.15,3.38,1.18,1.22,0.96,1.18,1.69,1.46,0.74,0.76,0.78,0.96,1.28,1.41,1.04,0.74,0.68,1.24,1.66,0.97,1.33,1.42,1.75,1.11,1.17,1.59,1.71,1.12,0.99,1.78,2.33,0.79,1.18,0.93,1.54,2.15,1.56,0.99,0.88,0.8,1.1,1.04
"sub-0802","SRPBS_open",1,0,21,1,20,1.888134,2.23606797749979,4.22,4,4.45,4.4,4,3.98,2.76,3.03,3.72,3.66,3.5,3.56,3.31,3.25,3.62,3.35,3.45,3.91,3.71,4.8,4.48,3.73,3.72,4.04,3.89,4.11,4.08,3.76,3.93,3.84,3.87,4.08,3.78,3.55,3.55,4.31,4.61,4.32,4.38,3.36,2.13,1.13,1.13,2.29,1.52,1.1,0.53,0.94,1.08,0.97,1.42,1.13,1.19,0.92,0.82,1.09,1.51,1.39,1.87,2.47,1.89,1.53,1.7,1.86,1.84,1.41,1.26,2.4,2.29,1.05,1.61,1.39,1.53,1.48,3.71,1.13,1.09,1.25,1.31,0.81
"sub-0803","SRPBS_open",1,0,30,1,20,1.874952,2,3.63,3.63,3.85,4.08,3.26,3.56,2.84,2.74,3.63,3.51,3.19,3.03,2.77,3.36,3.12,3.03,3,3.61,3.4,3.96,3.88,3.32,3.21,3.45,3.25,4.03,3.91,3.48,3.45,3.68,3.46,3.41,3.49,2.74,3.05,3.93,4.11,3.77,3.86,2.94,1.53,1.82,2.15,1.5,1.94,1.9,0.62,0.86,1.31,0.99,2.93,2.12,1.41,0.8,1.1,2.41,2.34,2.01,2.04,2.14,2.9,1.92,2.02,2.68,2.48,0.79,0.96,2.4,2.47,1.14,1.3,2.01,2.27,1.12,3,1.24,1.22,1.36,1.39,1.03
"sub-0804","SRPBS_open",1,0,21,2,20,1.981523,2.64575131106459,3.69,3.64,4.34,4.18,3.73,3.77,2.72,2.88,3.61,3.72,3.29,3.44,3.2,3.26,3.38,3.17,3.23,3.29,3.38,4.28,4.33,3.39,3.33,3.61,3.61,3.88,3.76,3.65,3.65,3.77,3.72,3.57,3.58,3.29,3.31,4.01,3.99,3.7,3.86,3.35,1.18,1.36,0.83,0.98,1.22,1.3,0.69,0.82,0.81,1.26,1.26,1.3,0.99,0.62,0.64,1.2,1.49,1.94,1.85,1.32,1.46,1.6,1.6,1.98,1.82,0.83,1.18,1.6,1.84,0.99,1,1.35,1.66,2.71,2.58,0.82,0.89,0.91,1.33,1
"sub-0809","SRPBS_open",1,0,20,1,20,2.060744,2.64575131106459,3.73,3.74,4.11,4.29,3.72,3.73,2.62,2.93,3.7,3.65,3.3,3.28,3.46,3.25,3.25,3.25,3.34,3.74,3.63,4.71,4.36,3.73,3.44,3.74,3.72,3.91,4.02,3.72,3.69,3.67,3.73,3.74,3.59,3.29,3.37,4.09,4.03,3.99,4.12,3.11,1.12,1.18,1.46,1.39,1.82,1.58,0.86,0.85,0.97,0.87,1.65,1.75,0.99,0.74,0.7,1.72,1.9,1.38,1.46,1.49,1.55,1.55,1.64,1.66,1.74,1.08,1.12,1.72,1.39,1.13,1.16,1.57,1.85,1.97,2.09,1.06,0.73,0.76,1.16,1.12
"sub-0823","SRPBS_open",1,0,38,1,20,2.068046,2.64575131106459,3.65,3.78,4.1,4.32,3.84,3.87,2.73,2.73,3.45,3.64,3.54,3.49,3.42,3.36,3.56,3.41,3.3,3.7,3.46,4.34,4.5,3.54,3.47,3.72,3.55,4.03,4.09,3.74,3.58,3.93,4.08,3.9,3.78,3.26,3.23,3.98,4.03,3.8,4.06,3.58,1.65,1.53,1.63,2.5,1.4,1.37,0.89,0.86,0.92,1.08,1.57,1.36,1.27,0.78,0.45,1.69,1.44,1.54,1.87,1.93,3.07,2.01,1.58,2.51,2.2,1.33,1.07,2.11,2.29,0.7,0.72,1.56,1.76,2.07,1.69,1.05,0.79,1.31,1.32,0.98
"sub-0847","SRPBS_open",1,0,22,2,20,1.989833,2.44948974278318,3.69,3.73,4.13,3.98,3.9,3.86,2.77,2.87,3.55,3.8,3.25,3.37,3.29,3.34,3.21,3.27,3.36,3.71,3.47,4.5,4.1,3.71,3.61,3.63,3.72,3.92,3.96,3.8,3.68,3.71,3.63,3.71,3.78,3.25,3.36,4.18,4.23,3.95,3.97,3.31,1.55,1.22,1.55,1.57,1.37,1.15,0.82,0.97,0.86,0.87,1.71,1.32,0.89,0.8,0.73,1.6,1.37,1.99,1.36,1.96,2.76,1.7,1.9,2.14,2.42,0.8,0.97,2.1,1.79,0.79,1.35,1.55,1.74,1.42,1.96,0.68,0.72,0.73,0.59,1.06
"sub-0849","SRPBS_open",1,0,21,2,20,2.07405,1.73205080756888,3.65,3.84,3.96,4.01,3.59,3.54,2.72,2.67,3.59,3.48,3.15,3.17,3.14,3.25,3.27,3.1,3.14,3.5,3.45,4.13,4.13,3.46,3.5,3.65,3.55,3.76,3.91,3.65,3.54,3.76,3.7,3.65,3.63,3.14,3.33,3.89,4.08,3.87,3.96,3.06,1.46,1.7,1.8,1.64,2.07,2.14,0.83,0.77,1.15,1.12,1.36,1.59,1.21,0.85,0.78,1.89,2.19,1.65,1.71,2.71,3.2,1.74,1.88,2.65,2.63,1.27,1.28,2.28,2.4,1.42,1.37,1.68,1.9,3.95,2.65,1.15,1.32,1.34,1.54,0.96
"sub-0854","SRPBS_open",1,0,53,2,20,1.945548,3,3.69,3.63,4.13,3.91,3.38,3.67,2.77,2.72,3.68,3.34,3.3,3.32,3,3.24,3.6,3.33,3.27,3.6,3.47,4.53,4.24,3.85,3.55,3.64,3.53,4.08,3.89,3.84,3.68,3.59,3.91,3.73,3.74,3.22,3.01,3.83,4.04,4.18,3.96,3.06,1.37,1.61,1.27,1.88,2.43,1.52,0.9,1.02,0.98,0.97,2.21,2.37,1.4,0.8,0.98,2.69,2.49,1.66,1.44,2.11,3.5,1.23,1.72,2.91,2.55,1.18,1.23,1.75,1.8,1.71,1.77,2.37,2.26,3.12,3.45,0.97,1.21,0.57,1.21,1.6
"sub-0857","SRPBS_open",1,0,21,1,20,2.109152,3.60555127546399,3.64,3.9,4.06,4,3.28,3.16,2.78,2.73,3.57,3.61,2.82,2.88,2.98,2.95,3.21,3.11,3.23,3.51,3.48,4.28,3.88,3.82,3.45,3.48,3.35,4.11,3.77,3.85,3.73,3.17,3.26,3.39,3.44,3.07,2.69,4.15,3.97,4.26,4.47,3.07,1.62,1.4,1.9,1.36,3.01,2.66,1.13,1.03,1.16,1.11,3.24,2.91,1.09,1.22,1.4,2.53,2.45,1.4,1.24,2.15,3.06,1.5,1.2,2.17,2.39,1.27,1.16,1.38,1.62,2.87,2.05,2.35,1.95,2.99,3.28,0.93,1,0.61,0.43,1.55
"sub-0867","SRPBS_open",1,0,42,2,20,1.952583,0,3.38,3.46,4.11,3.91,3.54,3.51,2.64,2.78,3.22,3.6,2.99,2.96,2.81,3.04,3.07,3.13,3.07,3.14,3.19,4.18,3.94,3.53,3.38,3.47,3.48,3.72,3.72,3.52,3.52,3.35,3.17,3.53,3.42,2.81,2.97,3.67,3.83,3.7,3.79,2.78,1.3,1.49,1.47,1.54,1.64,1.36,0.78,0.82,1.15,0.97,2.12,1.98,1.16,0.68,0.84,2.97,2.36,1.71,1.48,1.78,2.59,2.26,1.71,2.11,2.31,1.08,1.07,2.45,2.36,1.72,1.74,2.14,1.97,3.65,2.83,1.13,0.97,0.84,1.34,1.25
"sub-0950","SRPBS_open",1,0,19,1,21,2.317125,4,3.77,3.69,4,4.1,3.39,3.37,2.61,3.02,3.61,3.86,3.18,3.38,3.14,3.37,3.31,3.22,3.1,3.71,3.54,4.15,4.36,3.87,3.62,3.6,3.65,3.99,3.98,3.67,3.94,3.46,3.64,3.67,3.67,3.24,3.26,4.13,4.27,3.96,3.94,3.15,1.43,1.36,0.99,1.94,3.08,2.27,1.13,0.81,1.27,1.07,2.32,2.08,1.69,1.29,0.96,2.59,1.97,1.54,1.48,2.36,2.09,1.54,1.9,2.08,2.17,1.38,1.13,2.01,2.05,2.17,1.42,2.02,2.19,3.14,2.34,1.44,0.91,1.33,1.19,1.39
"sub-0951","SRPBS_open",1,0,19,1,21,2.316946,6.78232998312527,3.75,3.77,4.38,4.2,3.7,3.49,2.74,2.85,3.44,3.6,3.3,3.12,3.14,3.18,3.48,3.32,3.21,3.81,3.68,4.33,4.41,3.52,3.56,3.69,3.63,3.85,3.96,3.61,3.49,3.71,3.77,3.58,3.56,3.28,2.92,3.99,4.02,4.07,4.11,2.99,1.55,1.34,1.54,1.4,2.51,1.66,0.97,0.75,1.49,1.03,1.72,1.48,1.11,0.98,0.76,2.13,2.26,1.46,1.5,2.76,2.38,1.6,2.4,1.74,1.85,1.08,1.61,2.56,3.03,1.11,1.05,1.8,1.96,2.11,2.45,1.04,0.79,1.03,1.3,0.97
"sub-0990","SRPBS_open",1,0,39,1,21,1.875997,3,3.54,3.69,3.04,3.45,3.49,3.42,2.76,2.65,3.36,3.54,3.34,3.35,3.24,3.25,3.44,3.2,3.07,3.47,3.56,4.08,3.93,3.5,3.41,3.61,3.63,3.68,3.71,3.52,3.56,3.85,3.81,3.68,3.61,3.14,3.1,4.07,4.24,3.83,4.05,3.2,1.29,1.5,0.22,2.35,3.23,1.97,0.92,0.8,1.23,1,1.49,1.43,0.92,0.53,0.62,2.1,2.02,1.68,1.64,2.42,2.76,1.77,1.67,1.89,2.22,1.25,1.27,2.29,2.45,1.32,1.64,1.96,1.59,2.37,2.21,1.11,1.17,0.88,1.36,1.03
"sub-0999","SRPBS_open",1,0,57,1,21,2.501968,3.3166247903554,3.57,3.83,3.98,3.89,3.52,3.46,2.61,2.8,3.72,3.65,3.3,3.31,3.18,3.22,3.5,3.13,3.13,3.51,3.74,4.52,4.07,3.42,3.54,3.37,3.39,4.09,3.99,3.6,3.72,3.62,3.57,3.56,3.54,3.24,3.25,4.1,4.21,4.08,4.25,3.24,1.98,1.75,3.94,3.04,2.9,2.27,1.1,1.07,0.84,0.98,2.77,2.21,1.56,1.03,0.66,2.47,2.55,2.19,1.74,4.03,3.57,2.11,2.39,3.16,2.81,1.61,0.98,2.33,2.57,1.94,2.19,2.43,2.16,3.16,4,0.99,0.97,1.18,0.03,1.69
"sub-10377","LA5C_study",1,0,49,1,22,2.400184,1,3.56,3.64,3.79,3.66,3.63,3.57,2.79,2.9,3.74,3.65,3.37,3.47,3.21,3.38,3.1,3.1,3.08,3.47,3.56,4.26,4.12,3.64,3.42,3.61,3.79,3.84,3.95,3.61,3.52,3.78,3.64,3.65,3.53,3.47,3.39,3.94,3.94,3.69,3.77,3.16,1.36,1.34,1.29,1.37,1.81,1.22,0.9,0.95,1.07,1.02,1.62,1.47,1.01,1.38,0.92,1.5,1.56,1.39,1.39,1.98,1.95,1.44,1.83,2.03,2.28,1.22,0.86,1.72,1.88,1.3,1.08,1.53,1.66,1.9,1.59,1.28,1.03,1.25,1.2,0.98
"sub-10478","LA5C_study",1,0,21,2,22,2.115798,2,3.74,3.84,4.26,4.14,3.96,3.91,3.11,3.2,3.72,3.76,3.45,3.46,3.64,3.72,3.61,3.64,3.55,3.82,3.71,4.6,4.47,3.65,3.62,4.16,3.75,4.06,4.12,3.89,3.73,4,3.86,3.87,3.79,3.56,3.36,4.01,4.12,3.95,3.9,3.66,1.67,1.17,2.21,1.48,1.78,1.59,0.86,0.73,1.04,0.82,1.4,1.51,1.04,0.8,0.95,1.63,1.59,1.69,1.53,1.9,2.65,1.67,1.26,2.06,1.68,1.18,1.17,1.76,2.07,1.16,1.21,1.73,1.68,2.12,1.57,1.26,1.03,1.22,1.25,1.06
"sub-10575","LA5C_study",1,0,23,1,22,2.738477,6,3.92,3.73,3.99,4,3.54,3.7,3.21,3.27,3.85,3.99,3.49,3.46,3.32,3.51,3.61,3.44,3.38,3.76,3.58,4.17,4.2,3.72,3.56,3.78,3.67,4.09,4.06,4.13,3.53,3.77,3.92,3.72,3.65,3.29,3.41,4.13,4.23,3.9,4.13,3.41,1.27,1.09,1.42,1.12,1.93,1.75,1.23,0.84,1.09,0.87,2.38,1.48,1.21,0.98,0.82,1.79,1.78,1.27,1.71,1.97,2.18,1.44,1.59,2,1.88,1.37,1.4,1.59,2.59,1.28,1.07,1.36,1.7,0.96,1.91,1.15,0.82,1.58,1.1,0.97
"sub-10629","LA5C_study",1,0,31,1,22,2.509988,3,3.79,3.92,4.2,3.89,3.91,3.81,3.06,2.94,3.85,3.65,3.51,3.6,3.48,3.53,3.78,3.39,3.38,3.69,3.75,4.5,4.29,3.73,3.46,3.83,3.6,4.18,4.34,4.08,3.96,4.21,4.08,3.77,3.8,3.59,3.48,4.09,4.19,4.02,4.03,3.46,1.08,1.07,1.17,1.87,1.45,1.02,0.77,0.81,0.87,0.87,1.38,1.27,1.17,0.75,0.71,1.42,1.36,1.43,1.31,1.64,1.47,1.15,1.27,1.62,1.68,1.02,0.98,2.22,2.31,0.46,0.83,1.22,1.43,1.56,1.82,0.9,0.69,0.92,0.96,0.9
"sub-10696","LA5C_study",1,0,25,2,22,2.257833,1,3.79,3.78,3.71,3.7,3.64,3.56,3.02,3.03,3.83,3.79,3.48,3.41,3.32,3.55,3.58,3.36,3.28,3.41,3.37,4.01,3.88,3.53,3.37,3.57,3.53,3.78,3.9,3.62,3.57,3.55,3.66,3.65,3.61,3.45,3.41,3.73,3.89,3.77,3.94,3.44,1.24,0.97,1.45,1.51,1.55,1.43,0.85,0.83,1.46,0.85,1.6,1.27,0.99,0.96,0.72,1.47,1.65,1.5,1.51,1.64,1.82,2.17,1.55,1.94,1.82,1.28,1.37,1.89,2.01,1.31,1.28,1.37,1.57,0.85,2.01,1.14,0.98,1.24,1.07,0.92
"sub-10704","LA5C_study",1,0,32,1,22,1.961229,1.73205080756888,3.77,3.8,3.91,4.03,3.48,3.68,2.96,3.21,3.73,4.06,3.4,3.39,3.47,3.46,3.54,3.59,3.49,3.53,3.45,4.25,4.3,3.35,3.46,3.67,3.47,4.02,4.08,3.53,3.41,3.72,3.58,3.78,3.76,3.33,3.31,4.17,4.34,4.11,4.05,3.57,1.85,1.75,1.96,2.03,2.23,2.02,1.16,1.13,1.08,0.91,2.02,1.9,1.42,1.38,0.88,2.15,1.97,2.17,1.84,2.76,2.86,1.89,2.12,2.32,2.34,1.29,1.19,1.8,2.46,1.25,1.4,1.8,2.02,2.4,2.44,1.33,1.1,1.36,1.15,1.43
"sub-10708","LA5C_study",1,0,25,1,22,2.101017,1.73205080756888,3.99,3.88,4.18,3.73,3.91,3.91,3.08,3.04,4.13,4.26,3.43,3.56,3.4,3.56,3.77,3.48,3.48,3.69,3.53,4.28,4.25,3.71,3.58,3.93,3.73,4.17,4.33,3.97,3.66,3.93,4.02,3.89,3.93,3.42,3.51,4.16,4.32,4.14,4.5,3.51,1.39,1.71,1.3,2.06,1.77,1.45,0.92,0.8,1.15,0.85,1.06,1.46,1.29,0.93,0.81,2,2,1.63,1.74,2.39,2.61,1.66,2.15,1.85,2.1,1.5,1.2,1.86,2.15,1.19,0.96,1.8,1.82,3.42,1.92,1.14,0.85,1.19,0.42,1.2
"sub-10719","LA5C_study",1,0,23,2,22,2.331536,2.23606797749979,3.84,4.08,3.94,4.07,3.68,3.71,3.12,3.33,3.99,4.14,3.66,3.55,3.44,3.53,3.73,3.52,3.45,3.58,3.67,4.37,4.57,3.6,3.64,3.75,3.81,4.14,4.27,3.89,3.97,3.89,3.82,4.04,3.78,3.62,3.58,4.29,4.28,4.22,4.24,3.44,1.06,1.12,2.05,1.09,1.1,1.03,0.7,0.66,0.98,0.78,0.69,1.05,0.97,0.77,0.66,1.29,1.09,1.23,1.16,1.41,2.22,1.49,1.55,1.68,1.42,1.05,0.84,1.41,1.6,0.8,0.95,1.39,1.26,1.89,2.57,0.98,0.71,1.04,0.88,0.8
"sub-10785","LA5C_study",1,0,36,2,22,2.155157,2.44948974278318,3.67,3.64,3.92,3.84,3.72,3.74,2.71,2.83,3.79,3.87,3.38,3.37,3.34,3.71,3.64,3.35,3.07,3.61,3.43,4.31,4.17,3.59,3.46,3.71,3.54,3.93,4.14,3.73,3.37,3.7,3.76,3.62,3.5,3.46,3.25,3.85,4.1,3.89,3.96,3.35,1.29,1.62,1.07,1.33,1.69,1.27,0.69,0.85,0.99,0.9,1.4,1.41,0.58,0.72,0.74,1.54,1.81,1.46,1.29,1.84,1.54,1.21,1.55,1.88,1.8,1.03,0.86,1.76,2.14,1.27,1.45,1.65,1.61,1.9,2.13,1,0.84,1.09,1.28,1
"sub-10871","LA5C_study",1,0,41,1,22,2.302099,2,3.84,3.93,4.13,3.82,3.74,3.72,3.11,3.31,3.98,3.75,3.49,3.39,3.47,3.57,3.69,3.41,3.48,4.03,3.58,4.21,4,3.72,3.56,3.77,3.62,3.93,4.2,3.7,3.53,3.78,3.85,3.67,3.78,3.58,3.75,3.94,4.18,3.99,4.15,3.5,1.24,1.3,1.66,1.63,1.41,2.06,0.86,0.86,1.37,0.94,1.49,1.53,0.7,0.86,0.74,2.06,2,0.51,1.65,2.65,3.12,1.98,2.03,2.93,2.3,1.28,0.86,2.08,1.94,1.24,1.6,2.25,1.91,1.9,1.95,1.1,0.85,1.11,1.11,0.79
"sub-10949","LA5C_study",1,0,27,1,22,2.281757,3,3.81,3.8,4.02,4.03,3.75,3.68,3.05,3.02,3.8,3.78,3.35,3.33,3.36,3.51,3.58,3.43,3.44,3.79,3.46,4.33,4.17,3.52,3.68,3.6,3.45,4.02,4.14,3.77,3.77,3.86,3.87,3.82,3.73,3.42,3.33,4.43,4.29,4.14,3.95,3.29,1.38,1.53,1.38,1.81,2.72,1.86,0.86,0.83,1.23,1.08,1.71,1.58,1.12,1.08,0.83,1.77,2.01,1.41,1.59,2.01,1.96,1.43,1.69,2.01,2.12,1.44,1.18,1.77,2.12,1.34,1.13,1.54,1.58,1.9,2.2,1.1,0.98,1.47,1.39,0.98
"sub-10968","LA5C_study",1,0,24,1,22,2.461702,1,3.69,3.67,3.82,3.92,3.77,3.77,3.08,3.13,3.58,3.71,3.45,3.55,3.5,3.73,3.72,3.35,3.44,3.53,3.49,4.17,4.18,3.54,3.62,3.68,3.56,4.14,4.19,3.59,3.57,3.94,3.84,3.76,3.68,3.47,3.49,3.71,4.1,3.97,3.95,3.42,1.48,1.29,2.04,1.44,1.01,1.13,0.71,0.69,0.88,0.89,1.43,1.29,0.86,0.81,0.67,1.86,1.62,1.44,1.4,2.1,2.21,1.44,1.34,1.7,1.75,1.02,1.28,2.36,2.39,0.88,0.91,1.54,1.52,1.65,1.96,1.23,0.85,1.34,1.21,0.86
"sub-11030","LA5C_study",1,0,40,1,22,2.186628,3.60555127546399,3.73,3.7,3.95,4.02,3.81,4.13,3.02,3.05,4.11,3.9,3.55,3.58,3.44,3.56,3.55,3.31,3.34,3.67,3.6,4.5,4.19,3.54,3.63,3.82,3.75,4.49,4.32,3.98,3.67,3.81,4.13,3.93,3.77,3.54,3.35,4.37,4.18,4.07,4.05,3.42,1.73,1.79,2.18,1.7,0.99,1.1,1.01,1.02,1,0.95,1.5,1.26,1.16,0.85,0.9,1.39,1.33,1.76,1.62,2.06,3.81,1.8,2.02,1.81,1.74,1.04,0.92,2.27,2.81,0.78,0.95,1.65,1.62,1.92,1.54,1.42,1.03,1.29,1.29,1.09
"sub-11052","LA5C_study",1,0,26,1,22,2.227559,1.4142135623731,3.83,3.93,4.15,3.97,3.6,3.71,3.11,3.2,3.89,3.82,3.34,3.5,3.47,3.56,3.57,3.34,3.36,3.65,3.55,4.27,4.14,3.61,3.68,3.8,3.62,4.03,4.43,3.84,3.72,4.02,3.74,3.81,3.81,3.4,3.35,3.79,4.13,3.87,4.16,3.49,1.6,1.25,1.26,1.49,1.74,2.12,0.92,0.89,0.87,0.75,1.62,1.46,1.29,0.87,0.69,1.86,2.03,1.24,1.56,2.08,2.4,1.56,1.98,1.92,1.77,1.32,1.06,2.26,2,0.89,1.63,1.84,2.02,1.99,2.25,1.26,0.93,1.33,1.04,1.05
